,已完成全部記錄,Unnamed: 1,Unnamed: 2,Unnamed: 3,(劉君祖)易經(15)-[謙卦]筆記,Unnamed: 5,Unnamed: 6,Unnamed: 7,Base on DVD,Unnamed: 9,天地之心,‧ ‧,[謙][豫]二卦,天地人鬼神,[履卦],六爻全變,陽陰爻
0,12-0916-1,,,,,,,,,,[謙d_15(068)-05],●,卦象辭,《易經》,「」,<<繫(下)>>(§-2),＜小象＞
1,,,有大者，不可以盈，故受之以謙。有大而能謙，必豫，故受之以豫。豫必有隨，故受之以隨。(序卦傳),,,,,,,,,,,,,,
2,,,謙輕而豫怠也。(雜卦傳),,,重門擊柝以待暴客蓋取諸豫。(繫辭傳)(下2),,,,,履，德之基也；謙，德之柄也；履，和而至；謙，尊而光；履，以和行；謙，以制禮。,,,,,,
3,序名,,勞謙，君子有終，吉。子曰：勞而不伐，有功而不德，厚之至也。語以其功下人者也。德言盛，禮言恭。謙也者，致恭以存其位者也。<<繫(上)>>(§-8),,,,,,,,,,,,,,
4,01_乾,,子曰：知幾其神乎！君子上交不諂，下交不瀆，其知幾乎！幾者，動之微，吉之先見者也。君子見幾而作，不俟終日。易曰：介於石，不終日，貞吉。,,,,,,,,,,,,,,
5,02_坤,,介如石焉，寧用終日？斷可識矣！君子知微知彰，知柔知剛，萬夫之望。＜繫(下)＞(§-5),,,,,,,,,,,,,,
6,03_屯,,,,,,,,,,,,,,,,
7,04_蒙,,,,,,,,爻變,                   互                        卦,,,,,,,
8,05_需,,‧ ‧,上六：鳴謙。利用行師。征邑國。,,,,,52_[艮],,1(地水)[師],,,,下次開始,,
9,06_訟,15,‧ ‧,六五：不富以其鄰。利用侵伐。無不利。,,,,,39_[蹇],5(雷山)[小過],(23456),,,,,,
10,07_師,(地山),‧ ‧,六四：無不利。撝(揮)謙。,,,,,62_[小過],(12345),,,,,Question,,
11,08_比,謙,—－,九三：勞謙君子。有終。吉。,,,,,02_[坤],,,2(地雷)[復],社會問題,,,,
12,09_小畜,000100,‧ ‧,六二：鳴謙。貞吉。,,,,,46_[升],,4(雷水)[解],(3456),,,論文參考,,
13,10_履,,‧ ‧,初六：謙謙君子。用涉大川。吉。,,,,,36_[明夷],3(水山)[蹇],(2345),,,,,,
14,11_泰,,,,,,,,,(1234),,,,,,,
15,12_否,[卦辭]_謙。亨。君子有終。,,,QQ,,,,,,,,,,,,
16,13_同人,,,,,,,,,,,,,,,,
17,14_大有,彖曰：『謙，亨』。天道下濟而光明，地道卑而上行。天道虧盈而益謙，地道變盈而流謙，鬼神害盈而福謙，人道惡盈而好謙。謙尊而光，卑而不可踰，『君子』之終也。,,,,,,,,,,,,,,,
18,15_謙,,,,,,,,,,,,,,閒聊(非人),,
19,16_豫,象曰：地中有山，謙。君子以裒(ㄆㄡˊ)多益寡，稱物平施。,,,,,,,,,,,,,,,
20,17_隨,,,,,,,,,,,,,,,,
21,18_蠱,,,,,,,,,,,,,,,,
22,19_臨,綜論：,1)_謙卦之卦辭、爻辭全吉，這在64卦中連乾、坤二卦都做不到；乾卦上九是亢龍 有悔；坤卦上六則龍戰于野，其血玄黃。再就天地之心的[復卦]，其各別六個,,,,,,,,,,,,,,
23,20_觀,,     爻也都可能走火入魔， 甚至禍國殃民。換言之，其他63卦總是有凶、悔、吝，只有[謙卦]之卦辭、爻辭即便無吉，至少沒有凶悔吝；因此，自古於易學研究，便已,,,,,,,,,,,,,,
24,21_噬嗑,,     高度注意到[謙卦]此一特性；而民間傳統也同樣追求圓善有終，[謙卦]就是一個代表。[謙d_15(065)-01],,,,,,,,,,,,,,
25,22_賁,,2)_[謙卦]唯一陽爻九三(卦主)「勞謙」就是全卦的核心精神，前於介紹《繫辭傳》(上-8)，孔子也曾針對此提出標榜，。[謙卦]之所以會這麼好，就是它展現了均,,,,,,,,,,,,,,
26,23_剝,,"       衡勻稱的行為模式，且以服務的心態兼善天下。從《說文解字》：謙者,言之兼。便可看得出來，兼顧各方的感受、利益和立場，既非自私自利，更不是自我中",,,,,,,,,,,,,,
27,24_復,,     心。它會周到地考慮各方面的需求，並不讓爭執發生，兼顧各方，建立共識，找到一個平衡點，和平共存，這很不容易。所以它主張所有的「立德、立功、立言」,,,,,,,,,,,,,,
28,25_无妄,,     都須照顧到「兼」字，若真能充分做到兼善天下，而不是獨善其身，不損人利己，自無紛爭，當然卦爻全吉。這是一種盛德，達到很高境界。[謙d_15(065)-01],,,,,,,,,,,,,,
29,26_大畜,,3)_謙字因為《易經》很早以前便發光，千年傳承下來，影響中國文化也很大。「謙虛」早已滲入常民生活用語與德行上的要求，與其相反的「滿招損」，則是 [豐卦],,,,,,,,,,,,,,
30,27_頤,,    ，資源雄厚，如日中天。但是我們只要從卦序排列-- [豐卦]之後為(火山) [旅卦]，豐即轉旅，象徵豐功偉業最後失去一切，四處流竄。近年來金融風暴波及多少國際,,,,,,,,,,,,,,
31,28_大過,,     大企業，一夕瓦解，如喪家之犬。《易經》道理千錘百鍊，包羅萬象，所有世事在《易經》中都找得到原因，都有精準的答案；再大的公司或成就，那個豐只會,,,,,,,,,,,,,,
32,29_坎,,     讓你驕傲，讓你作無止境地擴張，終至爆破，這就是滿招損，亢龍有悔，這種教訓到處都是，泰極否來。對照再看謙受益，行事謙虛反而贏得所有的尊重 與光輝,,,,,,,,,,,,,,
33,30_離,,    。[謙d_15(065)-01],,,,,,,,,,,,,,
34,31_咸,,4)_從 [豐卦]的滿招損與 [謙卦]的謙受益，涉及易經另外二個卦-- [損卦]與 [益卦]。損、益、謙都是處亂世「憂患九卦」的卦。也就是說，越在亂世，到處越有爭奪，,,,,,,,,,,,,,,
35,32_恆,,     四處越多災難；身處亂世處事之道，按憂患九卦排序，[謙卦]第二，只次於 [履卦]；履，德之基也；履，和而至；履以和行。便是腳踏實地地修行，此修行功夫,,,,,,,,,,,,,,
36,33_遯,,     並不限於亂世。 [履]強調「和」， [謙]也強調「和」，如謙和、謙虛、謙卑等。這就是謙德在《易經》中早經驗證而具一定的地位，不只自身受益，透過服務,,,,,,,,,,,,,,
37,34_大壯,,     ，眾生也受益。依此 [謙卦]精神行事，建立各類相關制度，使得社會群體保和太和，謙讓不爭，不起衝突， [謙卦]當然卦爻全吉了。[謙d_15(065)-01],,,,,,,,,,,,,,
38,35_晉,,5)_前面已介紹過 [同人卦] [大有卦]，它是希望在人的世界做到講信修睦，臻至世界大同。接續才是[謙]，乃希望擴大領域，除了人世間要做好，還要擴大,,,,,,,,,,,,,,
39,36_明夷,,     關懷人與自然與鬼神間的相處關係。當今我們的生活世界已顯見氣候異常與大自然反撲，且可能延續50年之久。八月之凶、災難學則會是此世紀中主題中的,,,,,,,,,,,,,,
40,37_家人,,     主題，保證源源不斷，沒有僥倖。暫且不談2012(世界末日)的傳聞，要將全球災變不斷的問題處理好，已非任何個人或團體發心得以解決，必舉全國之力甚至國,,,,,,,,,,,,,,
41,38_睽,,     際合作，調度龐大資源，動用國際公權力強加控管(因應)方才可能；因而謙德的重要性自然突顯，能將人與自然的關係處理好，自然圓善有終。何以如此，因為,,,,,,,,,,,,,,
42,39_蹇,,     天災往往肇因於人禍，因為人無止境的欲望、擴充和破壞，與自然相爭，最後人類自己倒大霉，以上為人與天地的依賴關係。[謙d_15(065)-02],,,,,,,,,,,,,,
43,40_解,,6)_另外， [謙卦]談到人，談到彼此希望能和，在 [同人] [大有]之中和，還有人跟自然之間的關係要和。資源要能夠永續，若有破壞，要趕快彌補，這便是,,,,,,,,,,,,,,
44,41_損,,      [謙卦]的言之兼。[謙d_15(065)-02],,,,,,,,,,,,,,
45,42_益,,7)_另外，論及鬼神；不論我們從那一種定義去看，這是宇宙中的一種存在；若講得人文一點，人死了就是鬼。許多故去的人，生前做出許多貢獻，影響,,,,,,,,,,,,,,
46,43_夬,,     深遠，死後封神，如開鑿都江堰的李冰就是一例。這種歷史文化長遠的影響，至今依舊無所不在，我們不妨將其理解為鬼神好了。若此，鬼神當然重,,,,,,,,,,,,,,
47,44_姤,,     要了，所以任何一個時代的人，不能看法太短，一定要往前看，一定要感恩。我們讀這麼多經典都是鬼神留下來的，現在都不在了，「人謀鬼謀，百,,,,,,,,,,,,,,
48,45_萃,,     姓 與能」。前人(鬼神)留下這麼多東西給我們，我們又將留下什麼給後代？此乃文化延續的問題，諸如宗教與終極關懷等，這些都是鬼神的範疇。夫,,,,,,,,,,,,,,
49,46_升,,     大人者「與天地合其德；與日月合其明；與四時合其序；與鬼神合其吉凶」這是實際存在，更是歷史文化。人不可以隨便破壞歷史文化(包括別人的),,,,,,,,,,,,,,
50,47_困,,     ，這些都是 [同人] [大有]裡面共同的精神遺產，不能破壞，進而還要將其發揚；至少要將這些有形無形的東西保全妥當，傳承後世。若能做到這些，當,,,,,,,,,,,,,,
51,48_井,,"     然圓善有終，沒有任何瑕疵，因為宇宙就是這些東西(天地人鬼神)，我們在＜乾文言傳＞中「大人」境界曾經說過，過去在＜繫辭＞(上,8)以及稍後",,,,,,,,,,,,,,
52,49_革,,     介紹＜彖傳＞與九三爻辭時，已明確擺開天地人鬼神都會對有謙德的人造福，對傲慢的人懲戒。[謙d_15(065)-02],,,,,,,,,,,,,,
53,50_鼎,,8)_按自然卦序排列， [謙卦]排序第15；所謂洛書的九宮數(1-9)，不論其直行(橫列或對角)相加，其和皆15，這是《易經》理氣象數一體精微的地方。其,,,,,,,,,,,,,,
54,51_震,,      序15，所顯示的意義就[謙卦]來講是全方位資源均衡之數。天地人三才平等，眾生平等；任何一方都不可以畸形發展以傷害任何他方。因而任一角度,,,,,,,,,,,,,,
55,52_艮,,      計算其和，都是15。這是繼 [同人] [大有]之後，從人跟人之間的關係，擴充到人對天地、人對鬼神與對歷史文化的關係，到 [謙]到達一個,,,,,,,,,,,,,,
56,53_漸,,      高潮，到了一個究竟圓滿。與[謙]完全相反，我們看排序第55的[豐卦]，天地之數55(取自然數，1+2+3…+10)。我們在講大衍之數(占卦)的時候,,,,,,,,,,,,,,
57,54_歸妹,,      ，便講大衍之數50，(占卦時)其用49；但是最後用來檢驗爻變與卦變所用的控制數是天地之數(55)，正是[豐卦]的代表序數。[豐卦]於彖傳中也告訴我,,,,,,,,,,,,,,
58,55_豐,,      們這個宇宙之中太豐富了，什麼都有，有人有天地還有鬼神；所有的力量都在作精密互動，所以必需小心。如果我們在追求[豐]的過程沒有[謙]的精神,,,,,,,,,,,,,,
59,56_旅,,      ，遲早垮台，即便能在人間稱霸，也不可能跟自然天地抗衡，天地不容。如果為求成功霸業，違背自然，破壞歷史文化等等，與所有人鬼神為敵，鬼,,,,,,,,,,,,,,
60,57_巽,,      魂追魂索命，非垮台不可，那個是[豐]。所謂天地之數，便是什麼都有，天地人鬼神全都在其中。所以不論是個人作為或是組織國家的經營，其最終結,,,,,,,,,,,,,,
61,58_兌,,      果是滿招損還是謙受益，是由天地人鬼神來判定，而不是自己評判。因此，[豐卦]裡就有司法審判的相，除了人間法庭，還有天地人鬼神的總法庭，,,,,,,,,,,,,,,
62,59_渙,,      作最後審判。將所有資源合併加總，最後的是非自有公論，這是不變的真理。[謙d_15(065)-02],,,,,,,,,,,,,,
63,60_節,,"9)_[謙卦]的精神，在儒釋道中都給予絕對的正面肯定。孔子在＜繫辭＞(上,8)特別針對「勞謙」給予肯定；老子更是主張不爭，「夫為不爭，故天下莫",,,,,,,,,,,,,,
64,61_中孚,,      能與之爭」，海床位置最低而不爭，但上游的水全部流入大海，大德敦化，全部消化吸收，當然豐。「謙」受益，更是三教的共法。[謙_15(065)-02],,,,,,,,,,,,,,
65,62_小過,,10)_先前講[大有卦]時，談到《易經》與《佛經》的關係，用《易經》探測重要的《佛經》，全部萬流歸宗，都指向(地雷)[復卦]─「天地之心」，既,,,,,,,,,,,,,,
66,63_既濟,,      然是天地之心，就不可能有儒釋道的分別。所以[謙]也好，[復]也好，都是共法。[謙d_15(065)-02],,,,,,,,,,,,,,
67,64_未濟,,11)_第24的[復卦]也是「憂患九卦」之一，排在[履][謙]之後，其間關係太深；從字面結構可知，「履」根本是按照[復卦]的精神去實踐，並據此修,,,,,,,,,,,,,,
68,,,       行。而且排序第10的[履卦]與排序第15的[謙卦]相錯，才相隔5卦，就6爻全變。所以[履]跟[謙]觸類旁通，都要求要「和」，包括和平、和諧。當然,,,,,,,,,,,,,,
69,,,     ， [謙卦]的內涵更為深厚些；[履卦]就只是按照[謙卦]訂定出來的去履行，讓社會發展與自然生態取得平衡和諧而不爭，並制定出禮法制度與遊戲規則,,,,,,,,,,,,,,
70,,,      ，依軌而行。在[履]中行事能夠合宜，卻不明所以然；今在[謙卦]乃說明了真相─謙以制禮，亦即根據「謙」的精神來制定各種禮法制度，使[履]有依,,,,,,,,,,,,,,
71,,,      循。[履]，依「謙以制禮」來落實，才會有後面[同人][大有]的人世之和，也才會有[謙卦]全面兼顧天地人鬼神的和諧境界。[謙d_15(065)-02],,,,,,,,,,,,,,
72,,,12)_另外，來看與[謙卦]相綜一體的[豫卦](第16)，[豫][謙]二卦一體二面，其間道理更是奧妙。[謙]是謀和之象，想盡辦法讓所有關係人和平共存，,,,,,,,,,,,,,,
73,,,      不起衝突；[豫卦]則是預(準)備、預測、愉樂與備戰之象，是要面對最大的競爭；先前講過的[師卦]，則是煙硝戰起之象。是以，[豫卦]是為了,,,,,,,,,,,,,,
74,,,      可能來臨的大戰，預作周密的準備，故其卦辭：「利見侯行師」，乃用[屯卦]的利見侯，做好一切組織、資源與人事的準備，思患預防。既然[豫]、,,,,,,,,,,,,,,
75,,,      [謙]一體二面；一為備戰，一為謀和，必也殊途而同歸，其理自明。若期謀和，若無戰備或無實力，何以謀和；若無追求和平的理想，又為何而戰？,,,,,,,,,,,,,,
76,,,       是以 [師][比]相綜，[謙][豫]也相綜。換言之，當預(準)備做得扎實充分 ，自生阻嚇而致謀和；如同[師][比]也可以交相為用。[謙d_15(065)-02],,,,,,,,,,,,,,
77,,,13)_[謙卦](15)的錯卦為[履卦](10)，二者都倡導以「和」。但是[豫卦](16)的錯卦則是[小畜卦](9)(密雲不雨)，[小畜卦]＜大象＞：「君子以懿文德」，,,,,,,,,,,,,,,相錯之內涵
78,,,      是謂遠人不服，修文德以來之，既來之，則安之。這便是和平解決，鬥智而不鬥力；不論以小事大，或以大事小，皆當以和化解僵局，突破困窘。,,,,,,,,,,,,,,
79,,,      [豫卦]所用乃是正面對抗的武備思維，豈不也是和[小畜卦]修文德的概念正好相錯(六爻全變)。這是就[謙][豫]錯卦分析比較。[謙d_15(065)-02],,,,,,,,,,,,,,
80,,,14)_再從整個卦序前後對照比較，在[泰][否]二卦前後多組，除了自組相綜之外，都有跨(2)組相錯的關係；其中[泰][否]是自組相綜且相錯；而[師],,,,,,,,,,,,,,
81,,,      [比]則與[同人][大有]相錯；接在[師][比]之後的[小畜][履]則也與其後2組的[謙][豫]相錯。此乃自然而然的秩序，也是表示這幾組卦象在變化的時候，若,,,,,,,,,,,,,,
82,,,      未盯緊注意，很可能一下子就六爻全變。如同[泰][否]集中在二個單卦之間就產生錯卦極大的變化。[謙d_15(065)-02],,,,,,,,,,,,,,
83,,,15)_前(12)所述一邊武備，一邊謀和，在自然(動物)的實例太多。獅子老虎在其出手撲殺之前，非常低調，不但身體貼地面，連耳朵及尾巴也都伏貼不豎,,,,,,,,,,,,,,
84,,,       ；外表看似靜止或謙和、謀和的表象，實為掩飾其戰備(都是[豫])；等到對手鬆懈防備，便伺機出手，令對手無暇反擊。老鷹高空盤旋之時也是[豫]；,,,,,,,,,,,,,,
85,,,      人與人相互對待更加複雜，有一種[豫]像笑裡藏刀；有時候張牙舞爪，虛張聲勢，卻是實求和解。這是[謙][豫]的一體二面。正如姜子牙在＜六韜＞,,,,,,,,,,,,,,
86,,,      中曾說：「鷙鳥將擊，卑飛斂翼；猛獸將博，弭耳俯伏；聖者將動，必有愚色」。[謙d_15(065)-02],,,,,,,,,,,,,,
87,,,16)_前面說明了[謙][豫]相錯的關係，再看[小畜]與[豫]的相錯關係。[小畜]，密雲不雨，心裡鬱悶，承擔過大壓力；[豫]的悶正好相反，是預(準)備、預,,,,,,,,,,,,,,
88,,,      測、愉樂(男女合歡)，當預備愈周全、預測愈精準，自然可得到更好的愉樂。[豫]的準備通常都是靠組織推動，這是為什麼「利建侯行師」。[豫卦],,,,,,,,,,,,,,
89,,,"      的愉樂，是獨樂樂不如眾樂樂，所以[豫]也有群眾運動、熱情行動的象，其英文譯名為""enthusiasm"" 極為傳神，納粹時期的群眾激情亢奮如排山倒",,,,,,,,,,,,,,
90,,,     海；而 [謙]正好中和理性，情緒冷靜。[小畜]，鬱鬱苦悶，但有時候因壓抑過久，也會瞬間爆發轉[豫]；[豫]卻熱情澎湃，自我迷醉。[謙d_15(065)-03],,,,,,,,,,,,,,
91,,,"17)_[謙][豫]二卦相綜，內蘊卻相反。[謙]者,言之兼；很有群德，人生以服務為目的，不突顯自己，為善不欲人知。[豫]的思考邏輯]則完全自我為中心",,,,,,,,,,,,,,
92,,,"      ；從其字面拆解，左邊是""我""，我是宇宙萬象中心，旁邊所有事物概皆只是我的背景和舞台，所有作為與成就認定皆以自我和屬我群體之利益為著眼",,,,,,,,,,,,,,
93,,,      ；甚且周邊屬我之群體，表面互動密切，實際也不過是「我」操弄的工具之一，一將功成萬骨枯。[謙d_15(065)-03],,,,,,,,,,,,,,
94,,,18)_再論領導風格，[謙]是勞謙式的領導，領導者九三委身坤卦廣土眾民之下，自己遵行「止欲修行」原則，服務群眾；[豫]，則為由豫型的領導，截然,,,,,,,,,,,,,,
95,,,        不同，領導者九四高高在上(震為足)，下卦為坤(群眾)，乃將群眾踩在腳底之象。[謙d_15(065)-03],,,,,,,,,"國將興,必禎詳;國將亡,必妖孽。[謙_15(065)-04]",,,,,
96,,,       再者，[謙][豫]二卦的關鍵爻位都同在(九三多凶)(九四多懼)之人位，但卻引發出(勞謙/由豫)二種截然不同的領導風格。[謙d_15(066)-05(1')],,,,,,,,,,,,(師比)(剝復),,
97,,,19)_河南簡稱豫，洪荒時期許多大象，地下遺留許多大象骨骸，河南博物館亦以大象骨骸樹立大廳，作為省府徽章代表。[謙d_15(065)-04],,,,,,,,,,,,,,
98,,,20)_猶豫之別：人存活世上，未來如何，亦可按自我定位，體認周邊徵兆，這也是生活之豫。老子：「豫兮若冬涉川，猶兮若畏四鄰」；豫，大象體重不,,,,,,,,,,,,,,
99,,,      敏，越冰河恐陷；猶，體形小怕天敵之傷[謙d_15(065)-04],,,,,,,,,,,,,,
100,,,21)_再回頭論[謙]，孫子兵法有謂「全勝」之說，非指每次勝利，而是要求「保全勝利」，是以「不戰而屈人之兵，全己，全敵，全天，全地，全鬼,,,,,,,,,,,,,,
101,,,      神」。這才是最高戰略目標。如果戰勝之後，卻只一座空城或廢墟，反成包袱。還要維護自然，尊重廟宇及文化。「知己知彼，百戰不殆；知天知地,,,,,,,,,,,,,,
102,,,      ，勝來可全」。[謙d_15(065)-04],,,,,,,,,,,,,,
103,,,22)_假定進入了[同人][大有]講信修睦的社會；接續便要「制禮」(謙)]與「作樂」(豫)，禮樂教化社會。「庶」─人口眾多(同人)；「富」─資源財富,,,,,,,,,,,,,,
104,,,      (大有)；「教」─制禮作樂(謙豫)。[謙d_15(065)-04],,,,,,,,,,,,,,
105,,,23)_更深層次的卦爻含義：(1)_我們可以將64卦中單一陽陰爻來對照[乾卦][坤卦]之相對爻位，來作解釋卦象之參考。例如：[乾卦](初九)-,,,,,,,,,,,,,,
106,,,      「潛龍勿用」，若擴大來談，便是整個(地雷)[復卦]的核心概念；[乾卦](九二)-「見龍在田」，若擴大來談，便是整個(地水)[師卦]的核心概念；[乾卦],,,,,,,,,,,,,,
107,,,      (九三)-「君子終日乾乾」，若擴大來談，便是整個(地山)[謙卦]的核心概念；[乾卦](九四)-「或躍在淵」(伴君如伴虎)，若擴大來談，便是整個,,,,,,,,,,,,,,
108,,,      (雷地)[豫卦]的核心概念；[乾卦](九五)-「飛龍在天，利見大人」，若擴大來談，便是整個(水地)[比卦]的核心概念；[乾卦](上九)-「亢龍有悔」，若擴,,,,,,,,,,,,,,
109,,,      大來談，便是整個(山地)[剝卦]的核心概念；；[坤卦](初六)-「履霜堅冰至」(隱伏危機)，若擴大來談，便是整個(天風)[姤卦]的核心概念；[坤卦](六二)-,,,,,,,,,,,,,,
110,,,      「直方大。不習，無不利」，若擴大來談，便是整個(天火)[同人卦]的核心概念；[坤卦](六三)-「含章可貞。或從王事。無從有終。」若擴大來談，便是,,,,,,,,,,,,,,
111,,,      整個(天澤)[履卦]的核心概念；[坤卦](六四)-「括囊。無咎。無譽。」若擴大來談，便是整個(風天)[小畜卦]的核心概念；[坤卦](六五)-「黃裳。元吉。」,,,,,,,,,,,,,,
112,,,      若擴大來談，便是整個(火天)[大有卦]的核心概念；[坤卦](上六)-「龍戰于野。其血玄黃。」若擴大來談，便是整個(澤天)[夬卦]的核心概念。,,,,,,,,,,,,,,
113,,,24)_歷史上的政治謙讓，堯舜禪讓，是以《尚書》乃從堯舜開始記事。《史記》因伯夷與叔齊互讓政權，乃為七十列傳之首。唐太宗、雍正都不會讓。,,,,,,,,,,,,,,
114,,,      趙匡胤及其弟還有明成祖也都不會讓，而且血流成河。《論語》＜泰伯篇＞(幾次把王位讓給季歷)，孔子稱其為「至德」。《春秋經》(魯隱公，隱,,,,,,,,,,,,,,
115,,,      位還弟-桓公，非真相)；季札也是。[謙d_15(068)-03],,,,,,,,,,,,,,
116,,,25)_近年多起亂倫弒親事件已不能視為單一事件，恐有更大的操控力量正在質變，(世紀末代)人當如何修行？(林中彬，世紀災難學)有同學提問占卦,,,,,,,,,,,,,,
117,,,"      [否卦]  四爻,五爻；(否之非人)爻變為[剝卦]。 四爻,五爻為君座高位，只有實質掌握決策權的人才有可能試作改變。即便如此，仍不離剝。[否卦]",,,,,,,,,,,,,,
118,,,      五爻：「休否，大人吉。」要有大人之德方吉，方休否；四爻：「有命，無咎。疇離祉。」[謙d_15(068)-05],,,,,,,,,,,,,,
