,Unnamed: 0,Unnamed: 1,Unnamed: 2,Unnamed: 3,(劉君祖)易經(六十四卦)筆記,Unnamed: 5,Unnamed: 6,Unnamed: 7,Unnamed: 8,Unnamed: 9,—－,‧ ‧,Unnamed: 12,Unnamed: 13,Unnamed: 14
0,01_乾,,初九：,九二：,九三：,九四：,九五：,上九：,換言之，,…(另詳本文),元亨利貞,利見大人,不利涉大川,已完成記錄,
1,02_坤,,初六：,六二：,六三：,六四：,六五：,上六：,，勿用。,有孚,爻變,●,，無悔。,[咸_31(130)-06],
2,03_屯,序名,,<<繫(下)>>(§-2),,承乘應與,，貞吉。,君子,，凶。,小人勿用,，吉。,，無咎。,象曰：,如,
3,04_蒙,,,,,,,,爻變,                   互                        卦,,,,故有[小過]卦象,
4,05_需,,‧ ‧,上六：拘係之，乃從。維之，王用亨於西山。,,,,,,,,,,,
5,06_訟,17,—－,九五：孚于嘉，吉。,,,,,,,(23456),,,,[咸_31(131)-01]
6,07_師,(澤雷),—－,九四：隨有獲，貞凶。有孚，在道，以明。何咎。,,,,,,(12345),,,,,
7,08_比,隨,‧ ‧,六三：係丈夫，失小子。隨有求得，利居貞。,,,,,,,,,,,
8,09_小畜,011001,‧ ‧,六二：係小子，失丈夫。,,,,,,,,(3456),,,
9,10_履,,—－,初九：官有渝，貞吉。出門交，有功。,,,,,,,(2345),,,,
10,11_泰,,,,,,,,,(1234),,,,,
11,12_否,[卦辭]_元亨，利貞。無咎。,,,,,,,,,,,,,
12,13_同人,,,,,,,,,,,,,,
13,14_大有,彖曰：隨剛來而下柔，動而悅，隨。大亨貞，『無咎』，而天下隨時。隨時之義大矣哉！,,,,,,,,,,,,,
14,15_謙,,,,,,,,,,,,,,
15,16_豫,象曰：澤中有雷，隨。君子以嚮晦(會)入宴席。,,,,,,,,,,,,,
16,17_隨,,,,,,,,,,,,,,
17,18_蠱,,,,,,,,,,,,,,
18,19_臨,綜論：,[咸_31(129)-03],"(元亨利貞)四德具全之卦, 有七。",,,,,,,,,,,
19,20_觀,,[咸_31(131)-06],"上卦為澤之卦，都有類此(66,95)有陰乘陽的曖昧關係。",,,,,,,,,,,
20,21_噬嗑,,,,,,,,,,,,,,
21,22_賁,,,,,,,,,,,,,,
22,23_剝,,,,,,,,,,,,,,
23,24_復,,,,,,,,,,,,,,
24,25_无妄,,,,,,,,,,,,,,
25,26_大畜,,,,,,,,,,,,,,
26,27_頤,,,,,,,,,,,,,,
27,28_大過,,,,,,,,,,,,,,
28,29_坎,,,,,,,,,,,,,,
29,30_離,,1)_(17)(澤雷)[隨卦]與(18)(山風)[蠱卦]二卦極特別，具既相綜又相錯關係；[隨卦]又是(元亨利貞)四德俱全，若真能做到與時俱進，隨時因勢而變，便容易成功，是以[隨卦](彖)：,,,,,,,,,,,,
30,31_咸,,      ：「~天下隨時。隨時之義大矣哉」，是一個over all 的概念 (超越一切)，因為宇宙萬象莫不如此，若切實掌握其要，自可以「不執著」，而身體狀況自也較能保,,,,,,,,,,,,
31,32_恆,,     持彈性而不會僵硬。換言之，便是「當下即是(hear and now)」，隨緣、隨喜、隨和，人際關係自然圓融。正因為不執著，自然會反應機敏，故而相較於其他(元,,,,,,,,,,,,
32,33_遯,,     亨利貞)四德俱全的七個卦象，都可謂之上上之選。例如，[乾卦]卦辭之極吉不過「元亨利貞」，而《繫辭傳》稱整個「易告」要我們追求的也不過「無咎」二,,,,,,,,,,,,
33,34_大壯,,     字；然而在隨卦卦辭中竟然二者皆具，沒有任何負面；在隨卦之後有四德俱全的卦象，皆充滿了許多「不可測」的風險，如[臨卦]也是(元亨利貞)四德俱全，,,,,,,,,,,,,
34,35_晉,,    但在其自由開放，創意無窮，君臨天下，揮灑自如的後面，卻附上了一句但書─「至于八月有凶」，頓然使人毛骨悚然；形勢是可能逆轉，倡議自由如果過度，,,,,,,,,,,,,
35,36_明夷,,    反而可能造成災難。反觀隨卦，外卦為兌，法喜充滿；內卦為震，中心有主。再其後的[无妄卦]更是糟糕，更加明確從吉(元亨利貞)轉凶(匪正有眚，不利有攸,,,,,,,,,,,,
36,37_家人,,    往)，概因要做到「无妄」境界，幾乎妄想，其失誤的機率也就大增，因只要起心動念稍一不正，便可能導致災眚；這種(元亨利貞)像似虛假面具，因為人的實際,,,,,,,,,,,,
37,38_睽,,    修行幾乎做不到，甚至可能翻盤。唯獨[隨卦]只要做到上兌下震，自可「元亨利貞。無咎」，沒毛病、沒抱怨、不犯錯，沒遺憾，沒有任何風險；若此，[隨卦,,,,,,,,,,,,
38,39_蹇,,    ]便跟[乾卦]所代表「乾道變化」的圓滿創造歷程便很親近了。[蠱m_18(077)-01](~9'),,,,,,,,,,,,
39,40_解,,2)_然而，[隨卦]終究不是[乾卦]，以人隨天、隨善、從善如流、追隨真理...，到了最後沒有了主從；但是，初修之時，終究只是一個「人的修為」，但是他隨,,,,,,,,,,,,
40,41_損,,    著天時，亦步亦趨，積極自修，以期不落「天」後，終至「天人合一」境界，正如[隨卦](上六)所云：「拘係之，乃從維之。王用亨於西山。」尤其是，拘,,,,,,,,,,,,
41,42_益,,    係、從維更是「不分彼此」，你(天)到那裡，我便到那裡。終可達到「先天而天弗為，後天而奉天時」的「大人」境界。通常我們設定一個追隨的目標，皆,,,,,,,,,,,,
42,43_夬,,    基於我們和該目標間必然存在的差距，正如「人法地，地法天，天法道，道法自然」的必然差距；但是[隨卦]便是靠著一步一步修養，一步一步跟隨，逐步接近,,,,,,,,,,,,
43,44_姤,,    ，差距漸小，便也不自覺地向「元亨利貞」「無咎」靠近，及至[隨卦](五爻)乃至(上六)終於達到「上窮也」之境，其實業已跟原先所設定追隨的真理、目標,,,,,,,,,,,,
44,45_萃,,    合而為一，「拘係之，乃從維之」完全綁在一起，無法分開了，便也是「王用亨於西山」，西山證道成功；但在起步之初，卻真不容易，拿起新的，便要放棄舊,,,,,,,,,,,,
45,46_升,,    的，恰如(六二)(六三)爻辭所云：「係小子，失丈夫」「係丈夫，失小子」。換言之，修練過程中，必然經歷棄小就大，或棄故就新的割捨；正是《雜卦傳》所,,,,,,,,,,,,
46,47_困,,    言「隨無故也」，一步一步往前精進，到了第六爻，幾無差距，形同一體；像似[大有](上九)爻辭云：「自天祐之。吉。無不利」。也是印證周朝創業者修德至,,,,,,,,,,,,
47,48_井,,    成，萬民服從而隨行也，生死不棄，此正是周朝八百多年的政權，證明了「王道」之可及也。[蠱m_18(077)-01](~14'),,,,,,,,,,,,
48,49_革,,3)_若從商業角度來看，[隨卦](九五)乃君位，象徵一個品牌(Logo)，其爻辭云：「孚于嘉。吉。」證明了誠信卓著，深入人心，不僅言而有信，更有感召力，自是一言,,,,,,,,,,,,
49,50_鼎,,    九鼎。最後到達(上六)，便是客戶服務進一步拉近與客戶的關係，建立顧客忠誠度；至此，[隨卦]本具多變之性格，卻無礙於群眾的追隨效忠，當然，要能做到,,,,,,,,,,,,
50,51_震,,    外卦[兌]的和藹可親。[蠱m_18(077)-01](~end),,,,,,,,,,,,
51,52_艮,,,,,,,,,,,,,,
52,53_漸,,,,,,,,,,,,,,
53,54_歸妹,,,,,,,,,,,,,,
54,55_豐,,,,,,,,,,,,,,
55,56_旅,,,,,,,,,,,,,,
56,57_巽,,,,,,,,,,,,,,
57,58_兌,,,,,,,,,,,,,,
58,59_渙,,,,,,,,,,,,,,
59,60_節,,,,,,,,,,,,,,
60,61_中孚,,,,,,,,,,,,,,
61,62_小過,,,,,,,,,,,,,,
62,63_既濟,,,,,,,,,,,,,,
63,64_未濟,,,,,,,,,,,,,,
