,Unnamed: 0,Unnamed: 1,Unnamed: 2,Unnamed: 3,(劉君祖)易經(六十四卦)筆記,Unnamed: 5,Unnamed: 6,Unnamed: 7,Unnamed: 8,Unnamed: 9,—－,‧ ‧,Unnamed: 12,Unnamed: 13
0,01_乾,,初九：,九二：,九三：,九四：,九五：,上九：,換言之，,…(另詳本文),元亨利貞,利見大人,不利涉大川,已完成記錄
1,02_坤,,初六：,六二：,六三：,六四：,六五：,上六：,，勿用。,有孚,爻變,●,，無悔。,
2,03_屯,序名,,<<繫(下)>>(§-2),,承乘應與,，貞吉。,君子,，凶。,小人勿用,，吉。,，無咎。,象曰：,如
3,04_蒙,其他補充,,,,,,,爻變,                   互                        卦,,,,故有[小過]卦象
4,05_需,,‧ ‧,上六：咸其輔、頰、舌。,,,,,33_天山遯,,28_澤風大過,,,
5,06_訟,31,—－,九五：咸其脢(梅)，無悔。,,,,,62_雷山小過,33_天山遯,(23456),,,
6,07_師,(澤山),—－,九四：貞吉，悔亡。憧憧(充)往來，朋從爾思。,,,,(不言之象),39_水山蹇,(12345),,,,
7,08_比,咸,—－,九三：咸其股，執其隨，往吝。,,,,,45_澤地萃,,,43_澤天夬,,
8,09_小畜,011100,‧ ‧,六二：咸其腓(肥)，凶。居吉。,,,,,28_澤風大過,,44_天風姤,(3456),,
9,10_履,,‧ ‧,初六：咸其拇。,,,,,49_澤火革,53_風山漸,(2345),,,
10,11_泰,,,,,,,,,(1234),,,,
11,12_否,[卦辭]_咸：亨，利貞。取女吉。,,,,,,,,,,,,
12,13_同人,,,,,,,,,,,,,
13,14_大有,彖曰：咸，感也。柔上而剛下，二氣感應以相與，止而說，男下女，是以『亨，利貞。取女吉』也。天地感，而萬物化生；聖人感人心，而天下和平。觀其所感，而天地萬物之情可見矣。,,,,,,,,,,,,
14,15_謙,,,,,,,,,,,,,
15,16_豫,象曰：山上有澤，咸。君子以虛受人。,,,,,,Q:主爻為(94)，但是(95)君位卻是最重要；二者意義何所指???  [咸_31(131)-04],,,,,,
16,17_隨,,,,,,,Q:從[咸][恆]相綜一體來看；[恆](65):婦人吉，夫子凶；對應[咸](95)的咸其脢，係指帝王房中術??[咸_31(131)-05],,,,,,
17,18_蠱,,,,,,,,,,,,,
18,19_臨,綜論：,"1)_[下經]自此[咸_31],恒,... 以至[蹇,解]共十個卦，便是推演人世間以感情掛帥的愛恨情仇與悲歡離合;綜觀也是人世的(大輪迴)。及至其後的[損,益]乃啟發了利害計算的考量體系；終",,,,,,,,,,,
19,20_觀,,"     至最終的[既濟, 未濟]概皆在推演感性與理性兩種思維、行為間的交疊關係，也在引導我們如何在複雜情理矛盾之間取得平衡，引導我們進退有據。[??_??(???)-??]",,,,,,,,,,,
20,21_噬嗑,,"2)_直接觸及感通能量_[咸]_者有四{ ~(感動,感應,感通,…)}：乾、坤、臨、姤。[乾],上經第一卦,(彖_首出庶務,萬國咸寧~)。[坤],亦然是有強烈的感通(動)力量或能量：",,,,,,,,,,,
21,22_賁,,"     (彖_~含弘光大,品物咸亨)。 至於[臨],91,92_爻辭皆是咸臨,乃已備妥君臨天下的德行,但又具備[咸]卦的靈敏感知的能力,故屬真。另外,[姤],彖_天地相遇,品物咸章也。",,,,,,,,,,,
22,23_剝,,     [咸_31(129)-03],,,,,,,,,,,
23,24_復,,"2-1)_[咸]為下經第一卦，與[乾]前後呼應,具皆強烈感通力量或能量[咸_31(130)-03]；不可把[咸]卦當作只是[離]後面的一卦，「咸」是全新(系統)展開，所以<<序卦傳>>",,,,,,,,,,,
24,25_无妄,,         後段開始：「有天地，然後有萬物；有萬物然後有男女；有男女然後有夫婦...」。將男女情愛結合一事，以天地造萬物為比擬，與[乾坤]相對位置並列。「有夫婦,,,,,,,,,,,
25,26_大畜,,         然後有父子(天生自然的倫理關係)；有父子然後有君臣(乃社會共事的主從關係，按本初倫常，父子先於君臣，至君主專制習常後，方才將君臣置於首上之位，,,,,,,,,,,,
26,27_頤,,         但實有違自然倫常之序)；有君臣然後有上下(主從關係，類同於父子關係)；有上下然後禮義有所措。夫婦之道不可以不久也，故受之以恒。恒者久也。,,,,,,,,,,,
27,28_大過,,         [咸_31(130)-04],,,,,,,,,,,
28,29_坎,,3)_[咸][恒]之意涵便是「無心之感」，將感動、感情…的那份心拿掉；換言之，拿掉心裡所受社會習氣影響的因素，回到自我本性、本能的直覺，據以行事；亦如金剛經所說的,,,,,,,,,,,
29,30_離,,     無形或無罣礙，是一純粹自然的本性(心)流露(如同嬰孩)，是以感應的力量方才如此強大而敏銳。[咸_31(129)-05]  。,,,,,,,,,,,
30,31_咸,,    不過，如果再多些心，便成[憾]了。再如無言之說，便是心領神會，乃捻花微笑之悅；無肉之脫，近乎天人合一的自在；無心之悅，方乃心底之悅矣。[咸_31(131)-04] ,,,,,,,,,,,
31,32_恆,,3-1)_[咸]之意涵，除了上述「無心之感」外，尚有「全心全意」之意；「全、皆、感」所涵蘊的整體性與不保留才是[咸]的全面意思，「咸寧、咸亨、咸臨、咸章」。,,,,,,,,,,,
32,33_遯,,        二十年前一首歌詞：「不在乎天長地久(不就是恆)，只在乎曾經擁有(不就是咸)」。[咸_31(130)-04] ,,,,,,,,,,,
33,34_大壯,,3-2)_試舉一例：我們可以看到、觀賞梵谷的<<星空>>，此畫的歷史、文化、天文上的價值是恒長無疑，可是梵谷當時的心境及思緒、構圖的脈絡則完全無從捉摸。這,,,,,,,,,,,
34,35_晉,,         些看不見的動機或稱靈感，便是此處所謂的[咸]。是一種無所在又無所不在的感通能量。下經所探討的東西都從[恒]開始，[恒]是可見、可拿出來討論的東西；但,,,,,,,,,,,
35,36_明夷,,         是創造出[恒]的動機或稱靈感則是看不見的。[咸_31(130)-04],,,,,,,,,,,
36,37_家人,,3-3)_<<雜卦傳>>：「咸速也，恒久也」；一指在動情生感期間，感情發展極為快速。二指感應的速度遠超過光速，<<西遊記>>便直接稱孫悟空為「心猿」，就是,,,,,,,,,,,
37,38_睽,,         怕我們不知道個中真意；而「意馬」則是指唐僧的意念亦如駝載他的馬一樣，跑得飛快；(而豬八戒乃暗示人心色慾橫流)。我們的心本無罣礙，受罣礙的是物、,,,,,,,,,,,
38,39_蹇,,         是我們的身體(硬體)；只要想念到137億年前的「大爆炸」，可以立即擬見其境。<<金剛經>>：「如來悉知悉見」，不是感應是什麼，我是愈來愈信其真，只不,,,,,,,,,,,
39,40_解,,         過我今天不能講我的親身體驗，也不能洩露天機，總之，舉頭三尺有神明。[咸_31(130)-05],,,,,,,,,,,
40,41_損,,3-4)_孫悟空既然有翻跟斗的本事，何不一個跟斗把唐僧帶去西天取經，豈不省事?何須一步一步攀爬而行?拼一口氣容易，持久才難。「咸速也」瞬間辦到；「恒久也」,,,,,,,,,,,
41,42_益,,         要能持久方可為功。按所謂「一日心為恒」，每日持之，慢慢累積，終近常「恒」。速和久本屬二個相對的概念，但是其中有「無量義」。[咸]有熱情，立即行,,,,,,,,,,,
42,43_夬,,         動，但不一定能持久；「恒」有責任必冷靜衡酌，但可能錯失機會，長久接近永恒。可是<<孫子兵法>>中亦有「速戰速決」之策，否則士勞兵疲，久戰則敗；又,,,,,,,,,,,
43,44_姤,,         有「兵聞拙速，未聞巧之久也」，寧可穩步而速動，萬不可輕舉而妄動。許多靈光閃現的創意，不見得符合實際(長久)。[咸_31(130)-05],,,,,,,,,,,
44,45_萃,,3-5)_<<雜卦傳>>的卦序打破以往之常軌，但是(上經)仍自「乾剛坤柔」為始，(下經)依舊自「咸速也，恒久也」為始；顯見「咸恒」與「乾坤」具對等的重要位置，,,,,,,,,,,,
45,46_升,,"         無法異動，而且卦序位置依舊未變(31,32)，經此雜卦再次確認，又是對「咸恒」重要性的另一指標；恰似「北極星」或占卦所抽出的第一根筮草。世間萬物來",,,,,,,,,,,
46,47_困,,         去不定，但隨時變易之中有一不變的東西謂之「恒常」，恰如「恒」<<大象>>：「~君子以立不易方」。而且，(雷風)[恆}是在風雷交加之下，依然屹立不搖；,,,,,,,,,,,
47,48_井,,         要在接連橫逆之下，仍能守得住「大原則」；絕不是看一時的順逆以為斷。[咸_31(130)-05],,,,,,,,,,,
48,49_革,,4)_[咸][恆]具與心有關，但是[咸]無心，凡事自然順性，與生俱來，如孟子所言：「慕少艾」，少男少女相互吸引動情生愛，乃自然本能之事；亦如[坤]62_直方大，不習，無不利。,,,,,,,,,,,
49,50_鼎,,     [恆]則是有心經營要花心思，此乃中國造字內涵的奧妙之處；如情、愛等皆因有心。樹石因為無心所以無情(但仍可能有靈?)。[咸_31(129)-05],,,,,,,,,,,
50,51_震,,5)_(澤山)[咸]，上卦兌為澤，是少女；下卦艮為山，是少男。此時期少男卑下委婉追求少女，一家有女百家求，青春無敵，應是女子一生地位最高時刻。[咸_31(129)-05],,,,,,,,,,,
51,52_艮,,6)_[咸→恆→遯]的卦序分析-[咸_31(129)-06]；從(澤山)[咸](熱戀迷醉)→(雷風)[恆](成家立業)，形式逆轉，男子必須行動，反而成了長男(丈夫)在上當家，長女(妻子)在下服侍理家。,,,,,,,,,,,
52,53_漸,,     原先[咸]之下卦[艮](少男)一夕變卦轉為[恆](長男)，態度隨身份改變而異，雖無奈，也是事實。若從道理上看，[咸]者無所用心，男女雙方但憑直覺，兩情相悅，雖有口頭上的,,,,,,,,,,,
53,54_歸妹,,     海誓山盟，但終屬一時的情緒衝動；到了(雷風)[恆]_成家立業，(上卦外)[震]，長男必肩挑家需重擔，(下卦內)[巽]，長女也必需整天忙於家務孩子。至此，要想做到原本期盼的,,,,,,,,,,,
54,55_豐,,     白首諧老，就不得不用心經營。所以[恆]必有心，萬不可再如早先[咸]的隨興與無心；否則便會走到下一卦象(天山)[遯]，便指分手、拆夥，如同小豬跑路，難再追回，此也自,,,,,,,,,,,
55,56_旅,,     然卦序的當然結果。(天山)[遯]，下卦二陰爻，指基礎鬆脫，基業不保，已無立足之地，原本的天長地久也就難以為繼了。[咸_31(129)-06],,,,,,,,,,,
56,57_巽,,     [咸]卦的兩情相悅，並不限於男女情愛，也可以是朋友交往或事業夥伴。因此，任何二人間的相處或合作，若不用心經營絕多難以持久，當年的海誓山盟是不足以作為[恆]的擔,,,,,,,,,,,
57,58_兌,,     保，當年的熱情也多半退色；然而，[恆]乃成功之母。[咸_31(129)-06],,,,,,,,,,,
58,59_渙,,7)_[恆]解字_一般說法(按字義)：亙古之心為[恆](ever lasting)，這太難啦！要求如此，便只淪為唱高調。現已發現更早期木刻版<<易經>>，其[恆]字的下面一劃已被拿掉，其所指已,,,,,,,,,,,
59,60_節,,     非原本天地之間的太陽恆照，只要做到守住一日之心，便可謂[恆]。在中國古籍中，「君子終日乾乾」「朝過夕改可矣」「一日克己復禮，天下歸仁焉。」便是一,,,,,,,,,,,
60,61_中孚,,     日之心。換言之，在訂定目標時，只要設定可行的一日目標，然後每天做，反而可能更為持久。,,,,,,,,,,,
61,62_小過,,     在<<說文解字>>中對[恆]解釋為「心舟擺蕩，從此岸到彼岸」，亦如<<心經>>所謂「般若波羅密」的意境。[咸_31(129)-07],,,,,,,,,,,
62,63_既濟,,8)_[咸→恆→遯]的卦象分析(人世間感情循環軌跡莫不如下)：從(澤山)[咸]的(少男少女)濃情蜜意熱烈求愛，到了(雷風)[恆](長男長女)夫妻成對，長年共同生活,,,,,,,,,,,
63,64_未濟,,     ，反而呆若木雞，無言以對；前面談到章魚的(地澤)[臨](詳參考案例)，是勇於面對的態度，夫妻本當天天面對共處，可是按<<易經>>卦序排列，[恆]之後卻是,,,,,,,,,,,
64,,,     (天山)[遯]，其與[臨]是互為錯卦(六爻全變)關係；換言之，[恆]久之後便只想逃避、躲開，所以為[遯]。因此原本的[恆]的條件便不存在。,,,,,,,,,,,
65,,,     我們若從卦象上分析研究，(澤山)[咸]的上下卦是相錯關係，也就是陰陽互補，且各爻皆相應宜；(雷風)[恆]亦是如此。何以最終會走到(天山)[遯]的局面？答案是時間,,,,,,,,,,,
66,,,   ，宇宙中所有的現象都逃不過時間的剝削考驗，我們在先前(山地)[剝]卦講解時應提到「時間的本質便是不變的[剝]」，歲月若水，逝者如斯，其沖刷掉的不只是,,,,,,,,,,,
67,,,     年齡，還包括所有的一切，這也很自然。[咸_31(129)-08],,,,,,,,,,,
68,,,     我們看(天山)[遯]，一則最下二隻腳皆虛，無以支撐上面四個陽爻；再者，其下卦為(艮)，更顯示內部有明顯阻礙溝通困難。上卦(乾)表示先生反而積極外出(逃)避,,,,,,,,,,,
69,,,     免尷尬。然而何以演變至此？回頭再檢視(澤山)[咸]卦，其實(天山)[遯]卦的問題早在(澤山)[咸]便已存在，只因愛情沖昏了頭，表面上看各爻相應宜，但問題早已存在,,,,,,,,,,,
70,,,     ，只因避重就輕或委曲求全或自我迷醉，等到[恆]長年相處，各人的毛病習性就變得無法忍受。[咸_31(129)-08],,,,,,,,,,,
71,,,9)_從(澤山)[咸]卦象看，澤水滔天，淹過山頭，也就看不到隱藏在水面下的險障，就像我們先前討論[坎]卦提到「(95):坎不盈，坻(池)既平，無咎。」[坎_23(XXX)-XX],,,,,,,,,,,
72,,,     換言之，情慾超過理智太多，才會掩蓋住本來存在的差異。另外看(28-澤風)[大過]，象：澤滅木，大過。也是指感情用事，淹沒巽(木)真相，所以[大過]。,,,,,,,,,,,
73,,,     不過，澤水(兌)不可能長期高漲，等熱情消退，水落石出，只不過顯露真相，方才發覺所遇非人。,,,,,,,,,,,
74,,,     再從(特異功能)來看，我們天生本皆具備極高度的感受、感應能力，只因受到生活習氣與諸多雜訊干擾，漸次喪失消滅殆盡。[咸_31(130)-02],,,,,,,,,,,
75,,,10)_[繫](下)-7_憂患九卦：恒，德之固也。恒，雜而不厭。恒以一德。[咸_31(130)-06],,,,,,,,,,,
76,,,"11)_「通案易理」：  {易經中凡感情重的卦辭皆好,但爻辭都不好(「卦吉爻凶」)，why?} (詳卦辭解釋)[咸_31(130)-03]",,,,,,,,,,,
77,,,"12)_「通案易理」：  {易經中從肉身取象(感應)的唯二兩卦：[咸],[艮]}  [咸_31(131)-03]",,,,,,,,,,,
78,,,13)_「通案易理」：<<易經>>的結論也就是：「變動以利言，吉凶以情遷。...」。[咸_31(130)-03],,,,,,,,,,,
79,,,"14)_具備女性特質之卦：[咸]、[觀]、[家人]、[漸]。[咸_31(131)-03] 
",,,,,,,,,,,
80,,,15)_[咸]卦於<<易經>>六十四卦普遍而深入的影響關係：[恆_32(133)-03],,,,,,,,,,,
81,,,,,,,,,,,,,,
82,,,補：老子：「...瞻彼痊闋者，虛室生白，吉祥止止。...」,,,,,,,,,,,
