,Unnamed: 0,Unnamed: 1,Unnamed: 2,Unnamed: 3,(劉君祖)易經(六十四卦)筆記,Unnamed: 5,Unnamed: 6,Unnamed: 7,Unnamed: 8,Unnamed: 9,—－,‧ ‧,Unnamed: 12,Unnamed: 13,Unnamed: 14
0,01_乾,,初九：,九二：,九三：,九四：,九五：,上九：,換言之，,…(另詳本文),元亨利貞,利見大人,不利涉大川,,[咸][恆]二卦
1,02_坤,,初六：,六二：,六三：,六四：,六五：,上六：,，勿用。,有孚,爻變,●,，無悔。,,卦辭
2,03_屯,序名,,<<繫(下)>>(§-2),<<易經>>,承乘應與,，貞吉。,君子,，凶。,小人勿用,，吉。,，無咎。,象曰：,,爻辭
3,04_蒙,補充,,上經,下經,,,,爻變,                   互                        卦,,,,,
4,05_需,,‧ ‧,上六：振恆，凶。,,,,,50_火風鼎,,34_雷天大壯,,,[恆_32(134)-02],
5,06_訟,32,‧ ‧,六五：恆其德，貞。婦人吉，夫子凶。,,,,,28_澤風大過,28_澤風大過,(23456),,,下次開始節點,
6,07_師,(雷風),—－,九四：田無禽。,,,,,46_地風升,(12345),,,,其他補充資料,
7,08_比,恆,—－,九三：不恆其德，或承之羞，貞吝。,,,,,40_雷水解,,,54_雷澤歸妹,,重要疑問,
8,09_小畜,001110,—－,九二：悔亡。,,,,,62_雷山小過,,43_澤天夬,(3456),,,
9,10_履,,‧ ‧,初六：浚恆，貞凶，無攸利。,,,,,34_雷天大壯,44_天風姤,(2345),,,,
10,11_泰,,,,,,,,,(1234),,,,,
11,12_否,卦辭：亨，無咎，利貞。利有攸往。。,,,,,,,,,,,,,
12,13_同人,,,,,,,,,,,,,,
13,14_大有,彖曰：恆，久也。剛上而柔下，雷風相與，巽而動，，勿用。剛柔相應，恆。『恆，亨，無咎，利貞』，久於其道也。天地之道，恆久而不已也。『利有攸往』，終則有始也。日月得天而能久照，四時變化而能久成，聖人久於其道而天下化成。觀其所恆，而天地萬物之情可見矣！,,,,,,,,,,,,,
14,15_謙,,,,,,,,,,,,,,
15,16_豫,象曰：雷風，恆。君子以立不易方。,,,,,,,,,,,,,
16,17_隨,,,,,,,,,,,,,,
17,18_蠱,子曰：南人有言曰「人而無恆，不可以作巫醫。」善夫！不恆其德，或承之羞。,,,,,,,,,,,,,
18,19_臨,,,,,,,,,,,,,,
19,20_觀,子曰：不占而已矣。,,,,,,,,,,,,,
20,21_噬嗑,,,,,,,,,,,,,,
21,22_賁,,,,,,,,,,,,,,
22,23_剝,,,,,,,,,,,,,,
23,24_復,,,,,,,,,,,,,,
24,25_无妄,其他：,●[恆]解字_一般說法(按字義)：亙古之心為[恆](ever lasting)，這太難啦！要求如此，便只淪為唱高調。現已發現更早期木刻版<<易經>>，其[恆]字的下一一劃已被拿掉，其所指已,,,,,,,,,,,,
25,26_大畜,,     非原本天地之間的太陽恆照，只要做到守住一日之心，便可謂[恆]。在中國古籍中，「君子終日乾乾」「朝過夕改可矣」「一日克己復禮，天下歸仁焉。」便是一,,,,,,,,,,,,
26,27_頤,,     日之心。換言之，在訂定目標時，只要設定可行的一日目標，然後每天做，反而可能更為持久。[咸_31(129)-07],,,,,,,,,,,,
27,28_大過,,●在<<說文解字>>中對[恆]解釋為「心舟擺蕩，從此岸到彼岸」，亦如<<心經>>所謂「般若波羅密」的意境。[咸_31(129)-07],,,,,,,,,,,,
28,29_坎,,●[咸][恒]之意涵，另詳[咸]卦之解說。[咸_31(129)-05]~~[咸_31(130)-05],,,,,,,,,,,,
29,30_離,,●[繫](下)-7_憂患九卦：恒，德之固也。恒，雜而不厭。恒以一德。[咸_31(130)-06],,,,,,,,,,,,
30,31_咸,,"●凡感情重的卦辭皆好,但爻辭都不好(同下)[咸_31(130)-03]",,,,,,,,,,,,
31,32_恆,,"●孫悟空何不帶唐僧(翻一根斗直接)取經？論：「咸,恒」..[咸_31(130)-05]",,,,,,,,,,,,
32,33_遯,,●[咸_31(131)-01],觀其所感，而天地萬物之情可見矣,,,,,,,,,,,
33,34_大壯,,,,,,,,,,,,,,
34,35_晉,,,,,,,,,,,,,,
35,36_明夷,,,,,,,,,,,,,,
36,37_家人,,,,,,,,,,,,,,
37,38_睽,,,,,,,,,,,,,,
38,39_蹇,綜論：,"(1)_近年傳聞(2012)世界末日之說，其是否屬實姑且不論，至少TW, CN, US均要更換領導人，其必為重要關鍵之一年。另就我個人(劉老師)的生命週期言，正逢滿六十歲生日([節]",,,,,,,,,,,,
39,40_解,,     卦重要節點)，也是個人天干地支回源重排之始。若按河洛理數的說法，(2012)我當特別謹慎，則宜貓捲不出；可是其前一年，仍會馬不停蹄。依目前推論，可能是以外部環境變,,,,,,,,,,,,
40,41_損,,      化因素較大，而非個人其他因素。(劉老師)自己也自我占卦，結果與上相符，因此，本班課程被迫會作延長。以上諸多訊息，巧妙地殊途而同歸一脈，依過去經驗，似在暗示...？,,,,,,,,,,,,
41,42_益,,      [恆_32(133)-01],,,,,,,,,,,,
42,43_夬,,"(2)_前次開始講述<<易經>>(下經)，從[咸],[恆]開始所講述之「人間事」，不外乎愛恨情仇貪嗔癡，<<易經>>將之析理透徹細緻，若非歷經數千年的淬煉沉澱，絕不可能有此成果。",,,,,,,,,,,,
43,44_姤,,"       絕大部分人的行事思維，均是以人情為主導，而人情又源自於人性(喜,怒,哀,樂,愛,惡,欲)。所以(下經)34個卦的前10個卦，全是在人情漩渦中打轉，且未超脫該60個爻的情境或相",,,,,,,,,,,,
44,45_萃,,"       互間的糾纏。並且從此10個卦中(咸,恆,遯,大壯,晉,明夷,家人,睽,蹇,解)的輪替過程中透露出個中的奧妙與訊息；尤其，最後的[解]卦便已明示，所有的恩怨情仇終將解開彼此間的",,,,,,,,,,,,
45,46_升,,       糾結，情執過深終究是非常大的消耗。人生當應有情，卻不該濫情，如遇冤家也要宜解不宜結；所有的糾結都要解開，特別是針對其前的[蹇]卦，鬆開所有的「情」結，方才可,,,,,,,,,,,,
46,47_困,,"      能再繼續前行。其後接著便是[損],[益]...，一切考量要計算利害得失，一切作為也要顧及(個人,群體)與(短期,長期)的平衡需求，便也進入「理性思維」的另一階段。[恆_32(133)-01]",,,,,,,,,,,,
47,48_井,,"(3)_解決問題時如何作決定，就是[夬]卦，；解決問題的(方法,步驟)，則依[解]卦；於此[夬]-[解]之間的衡酌空間，便是[損],[益]二卦。<<繫(下)>>(§-2)：上古結繩而治，後世聖人易之",,,,,,,,,,,,
48,49_革,,      以書契，百官以治，萬民以察，概取諸[夬]。<<雜>>：夬決也，剛決柔也，君子道長，小人道憂也。按<<雜卦傳>>的論述邏輯，從[大過]開始的天翻地覆，最終的末卦是[夬]卦，,,,,,,,,,,,,
49,50_鼎,,      而非[既濟]或[未濟]。顯然，<<雜>>與<<繫>>均未依一般之卦序來解讀，反而同將[夬]卦移到最後，應是暗示人生在世必然遭遇許多分合的無奈與起伏迭蕩，最後終要殺出一條,,,,,,,,,,,,
50,51_震,,      血路。[夬]卦的英文譯名極為神妙，不是(Make Dicision)，而是(Breakthrough)-突破。而且是正面性的突破，因為「君子道長，小人道憂」。文明發展到最後，其最終所留存來,,,,,,,,,,,,
51,52_艮,,      的精華不該是具體的文物，而應是「突破困境」的能力。人雖受制於「恆」的限制，孽障滿身，但是最終當還是依循「君子道長，小人道憂」的信念去做努力。換言之，下焉者,,,,,,,,,,,,
52,53_漸,,      從困頓中尋求生機，當然算得上是「突破困境」；上焉者更從肉身的勞累提升近至不垢不淨[永恆]，更是恆久的「突破困境」；是以<<雜>>乃將[夬]重新排序，變成最後一卦,,,,,,,,,,,,
53,54_歸妹,,      ，而<<繫(下)>>(§-2)之綜合論述，亦將[夬]置於最末以為凸顯，其應也是孔夫子的一番用心吧。[恆_32(133)-02],,,,,,,,,,,,
54,55_豐,,"(4)_[上經前十卦]與[下經前十卦]的結構性對照及「天人呼應」的關係：[下經前十卦]：從咸,恆,…到,蹇,解剛好十個卦，其後所接著的11、12便是[損],[益]二卦；也就是說，歷經",,,,,,,,,,,,
55,56_旅,,      前面十卦的各種感情波濤洶湧，開始理解到凡事不能全然感情用事，乃促使了理性抬頭，改從利害、損益角度來衡量；蓋人生不能完全依存於浪漫情懷之中，仍有許多現實條件,,,,,,,,,,,,
56,57_巽,,"      上的必要。我們再回顧[上經前十卦]：不也是從乾,坤,…到小畜,履，其間歷經的[坎]險不斷，[小畜]的密雲不雨，又因[履]卦切實執行，反而踩到老虎尾巴；至其後11, 12卦的[泰],
",,,,,,,,,,,,
57,58_兌,,"      [否]不也同樣是一場天翻地覆的重大改變。[泰],[否]之後方才進入[同人],[大有]，然後才是溫和謙遜的[謙]卦以及其他...；慢慢讓人學習到如何與其他眾生和平相處與利益共生之道",,,,,,,,,,,,
58,59_渙,,      ，要在天地人鬼神共處一世的環境中，設法找出安身、立命之道。為此，慢慢湧現出(天火)[同人]與(火天)[大有]等宏觀思維與理想追求，再經其他卦爻淬煉，方才來到上經最末,,,,,,,,,,,,
59,60_節,,      的三畫卦的[離]卦；換言之，其先有雲行雨施的[坎]，才可能有後面大明終始的[離](光明)，其中實有太多深刻蘊含在內；故而[上經]乃以[離]卦作為最後結束，也象徵以「光明」,,,,,,,,,,,,
60,61_中孚,,      作為自然天道最終追求的目標。綜合而言，[下經]從人世間的小宇宙，以高智慧的思辨所發展而成身心靈的多元層次狀態與行為模式，實與[上經]的自然法則有著極為微妙的呼,,,,,,,,,,,,
61,62_小過,,      應與相互間的輝映。[恆_32(133)-02],,,,,,,,,,,,
62,63_既濟,,      再者，[上經]末數第三卦是[大過]卦，而[下經]末數第三卦則是[小過]卦，此又是另外一項巧妙的對照呼應。[上經]自然天道的演變，至第28卦是[大過]卦(末數第三卦)，是所有生,,,,,,,,,,,,
63,64_未濟,,      命無法逃避的[死亡]；[下經]人世間的修為歷練，至第62卦是[小過]卦(同是末數第三卦)，乃因人(性上的貪嗔癡慢疑)一定會犯錯，只要不犯下大錯，便能夠在小過的教訓中獲取點,,,,,,,,,,,,
64,,,      滴智慧。還有，[下經]的[小過]卦之前是[中孚]卦，又是對應了[上經]的[大過]卦之前是[颐]卦。此外，除了上述相關卦序及其邏輯內涵上的機巧對應之外，<<易經>>的理、氣、象,,,,,,,,,,,,
65,,,      、數都是一個整體；不論是從其(陰陽)符號上來推衍，或從其卦序結構與內涵來探究，除了皆有整體一致的體系邏輯外；甚且，其細項的各別爻辭所隱喻的内容，不僅充分符合各種假設,,,,,,,,,,,,
66,,,      的提問並給予相對的答案；故而連「不語怪力亂神」的孔子都說「非天下之至精，其孰能如此」。以上所述諸多上下的相互呼應與前後對照的巧妙，實乃中華文化所謂 「天人相應」或,,,,,,,,,,,,
67,,,     「天人合一」的深層內涵。吾輩後進者若不認真學習，進而再作進一步探究或突破，豈能不有愧於先賢諸聖的苦心，豈能無憾於天地造化。[恆_32(133)-02],,,,,,,,,,,,
68,,,(5)_自[咸]卦從腳姆指揭開始，說明了人體全身敏銳的感情、感想、感覺、感受，會讓我們感覺到冷熱酸麻，會讓我們感受到喜怒哀樂。如此痛癢相關的Body跟Mind，會伴隨我們一,,,,,,,,,,,,
69,,,       輩子，扯耳腮動，互相牽連，不曾止息。是以，[咸]<<彖>>：天地感，而萬物化生；聖人感人心，而天下和平。觀其所感，而天地萬物之情可見矣。至<<序>>，其上經與下經,,,,,,,,,,,,
70,,,      開頭引介之辭，俱皆為「有天地，然後有萬物」；益加可以確定[咸][恆]在<<易經>>整體結構上是充分對應[乾][坤]的。接著，上經演續而形成自然萬物與萬象；下經演續而,,,,,,,,,,,,
71,,,      形成男女、夫婦...；男女情愛都是海誓山盟，追求長長久久。然而實際的情況與卦序的說明，都在證明沒有恆長不變的「感情」，因為[咸][恆]二卦的卦辭，統統缺「元」，只有,,,,,,,,,,,,
72,,,      「亨，利貞」。世間萬事萬物，概無缺「元」而可能長久的。因為「元」者「善」之黨，一定要有「元」方才可能「生生不息」，方才可能不致於過程中一時的不慎或意外，而,,,,,,,,,,,,
73,,,      不致絕續斷後；因為可以重新啟「元」，可以一「元」[復]始。是以任何可以量化的事物(財富、權利…)，其性質概皆有限；有限的事物，何能追求無限的恆常。[恆_32(133)-02],,,,,,,,,,,,
74,,,(6)_那我們又如何能追求到恆常？[乾][坤]因為無情，方能永恆，毛澤東：天若有情天亦老。若能做到「不獨親其親，不獨子其子」，便可能慢慢接近恆常了。[恆_32(133)-02],,,,,,,,,,,,
75,,,"(7)_「通案易理」：  {易經中凡感情重的卦辭皆好,但爻辭都不好(「卦吉爻凶」)，why?} ",,,,,,,,,,,,
76,,,(8)_[咸]卦於<<易經>>六十四卦普遍而深入的影響關係：<<繫(上)>>(§-10)：「易無私也，無為也，寂然不動，感而遂通天下之故。非天下之至神，其孰能於此。」[咸]若能臻至,,,,,,,,,,,,
77,,,       寂然不動的境界，便能夠感通天下；當然，若心有罣礙，自然鈍化或失去感通本能。上經[乾]卦的<<彖>>便早洩露此「天機」：「首出庶務，萬國咸寧」，就已指出[乾]的結論,,,,,,,,,,,,
78,,,       ；同時更是呼應[咸]<<彖>>：天地感，而萬物化生；聖人感人心，而天下和平。而[咸]卦的核心功能在於人心，而人心絕不是突然冒出來，是與天地之心相呼應的；而天地之心,,,,,,,,,,,,
79,,,       豈不就是[復]卦的關鍵初爻。據此，再延續發展至(30)[離]卦的「大人以繼明照於四方」，從另一(唯心)角度來論，也可稱為「永恆」，也終成就了人類文明的大放光明；同時也,,,,,,,,,,,,
80,,,       奠基了(24)[復]卦的「七日來復」。是以[復]卦<<彖>>：「復其見天地之心乎？」如此發展演化，從「天地」到「人」，貫穿於其中的「道」便是「天地之心」；及至下經(1)的,,,,,,,,,,,,
81,,,       [咸]卦，乃又從「心」開始談起。[恆_32(133)-03],,,,,,,,,,,,
82,,,       再看[坤]卦也是如此，<<彖>>：「含弘光大，品物咸亨」。其含弘包容的能量是無邊且無私，方可導致各類品項事物均能受惠亨達。,,,,,,,,,,,,
83,,,       再看下經另一述明「全，皆」的概念第(14)的[姤]卦，是所謂「機緣巧遇」，也是佛教的「十二緣生」，當要好好來悟。[姤]卦<<彖>>：「天地相遇，品物咸章也」。看似偶然的,,,,,,,,,,,,
84,,,       碰撞，實有無盡的因緣成就；看似突發的毀滅，實已成就新的機緣與品物。所有陰陽合和的機緣，概皆出於相互間的感應，更因此種感應而致各類品項事物均能自然「彰顯」。,,,,,,,,,,,,
85,,,       再看[咸][恆]的卦中卦，都有[姤]卦。[咸][恆]中有[姤]，而[姤]卦<<彖>>：「天地相遇，品物咸章也」；顯見所謂的機緣，實交錯堆疊極為複雜。如[咸]卦的「取女吉」，與[姤]卦,,,,,,,,,,,,
86,,,       的「勿用取女」，竟有如此明確又關聯的影射關係。[恆_32(133)-03],,,,,,,,,,,,
87,,,       再其次，上經(19)的[臨]卦(元亨利貞)(十二消息卦之一)，其立足之地便是最下的二個陽爻，其爻辭皆稱「咸臨」。屬摩羯座，務實，一定先確定立地生存無虞，方才可能投入浪,,,,,,,,,,,,
88,,,       漫的想像空間；也才可能面對「教思無窮，容保民無疆」的長期追求目標。[恆_32(133)-03],,,,,,,,,,,,
89,,,       從這些直接冒出來的幾個卦，看得出處處有[咸]。其實，其他未直接與[咸]卦聯結的卦，也必然與[咸]卦相關。正如<<繫(上)>>(§-10)：「易無私也，無為也，寂然不動，感而遂通,,,,,,,,,,,,
90,,,       天下之故。非天下之至神，其孰能於此。」實已說明[咸]卦普遍而深入的必然存在，或必然的前提要件。其必瀰漫於整個宇宙六合之內，並主宰人們每一行為的所思、所感。,,,,,,,,,,,,
91,,,       因此可以更加確定[咸][恆]二卦的重要性，不論是<<序>>或<<雜>>，概皆將[咸][恆]二卦排在下經第一第二卦；如同上經[乾][坤]二卦的絕對首要位置。[恆_32(133)-03],,,,,,,,,,,,
92,,,(9)_「恆」，按<<說文解字>>為：心舟擺盪於二岸之間，上下二劃為此岸與彼岸，中為小舟，終其一生在追求「另一，彼岸」，如同[既濟][未濟]；但依「恆」古字為「一日心為,,,,,,,,,,,,
93,,,       『恆』」，因為凡事祈求「恆常不變」，其本質已違背天道，若能持一日之力而不變移，進而漸次延長日數，可矣。基本上劉老師從後解。[恆_32(133)-04],,,,,,,,,,,,
94,,,"(10)_要解釋[恆]卦，要先看卦爻，再讀<<繫>>。因為<<易經>>自下經開始，完全進入整個系統交錯互動的狀態，交織成4,096種變化。真如一花一世界，一葉一如來；一爻一天地，",,,,,,,,,,,,
95,,,       一卦一乾坤。隨處所見，俱皆宇宙奧妙的訊息；其中奧妙無從限制，但看我體會的深度與融會貫通的功力，是以<<繫(上)>>(§-9)：「引而伸之，觸類而長之，天下之能事畢矣」,,,,,,,,,,,,
96,,,       。若我們不從更高位階與更開闊視野來研讀，不僅所獲有限，更可能誤解其要反而背離正道。[恆_32(133)-04],,,,,,,,,,,,
97,,,(11)_前已說明[咸]卦的影響，周遍於各卦；[恆]卦亦然？。(5)(水天)[需]，(19)：需於郊，利用恒。無咎。在維持生命改善生活，所需各種資源，皆要從[恆](長期)的角度來考量。要在,,,,,,,,,,,,
98,,,        事件初發，所需資源既簡又便之際，便當作好長期需求的整體評估，並據以行事，才能無咎。再看(16)(雷地)[豫]，(65)：「貞吉，恆不死」。自古從秦始皇、漢武帝等太多的人,,,,,,,,,,,,
99,,,        都在追求長生不死；從肉身生命而言，此等欲求無非癡人說夢。然而，確有如六祖惠能等大德者的真身不壞；他們是如何辦到的？或者如何可以延年長壽的？,,,,,,,,,,,,
100,,,        先從(雷地)[豫]的(65)爻變得(澤地)[萃]卦，可解釋為：只要具備正向貞德者，且又專注而出類拔萃的人，自然具備天地間的正氣，全然壓制住臨身的病媒與腐敗細菌；終可使得,,,,,,,,,,,,
101,,,        肉身或者精神長存世間，乃真不死。例如[无妄](95)：无妄之疾，勿藥，有喜。乃指心病無藥可治，只能調心養性而已。例如(雷地)[豫]，象曰：「先王以作樂崇德，恩殷薦之上,,,,,,,,,,,,
102,,,        帝，以配祖考。」建立了典章儀節，致社會祥和，也是一種恆長。約十年前曾占卦問：夢是什麼？得到[乾]卦(92)：「見龍在田」。也就是說將我們的潛意識，從潛龍提升至見,,,,,,,,,,,,
103,,,        龍。此[豫]卦中的「恆」義，實在值得去作深刻地體會。[恆_32(133)-04],,,,,,,,,,,,
104,,,        另外，(42)(風雷)[益]卦，論及損益，便是理性開始抬頭。(風雷)[益]與(雷風)[恆]，二卦既彼此相錯且又相交。換言之，下經自[咸][恆]二卦開始人世間的感情運作；到[損][益]二卦,,,,,,,,,,,,
105,,,        其實正是[咸][恆]二卦的六爻全變(相錯)，全面性推翻的態度，與上下二卦交換位置(相交)的全新觀點。[咸][恆]二卦感情用事，最後導致[蹇][解]的情境。從[損][益]二卦開始作180,,,,,,,,,,,,
106,,,        度大轉變，改從理性角度看待人生。但往往矯枉過正，反又受害，如(風雷)[益](69)：「莫益之，或擊之，立心勿恆，凶。」彼此爭相奪(私)利，必然無益於整體，只追求短利而,,,,,,,,,,,,
107,,,        不計長期影響，終究為凶。[恆][益]二卦更都是「憂患九卦」之一。[恆_32(133)-05],,,,,,,,,,,,
108,,,"        恆，德之固也。""固""是：(a)_是我們固有的東西；(b)_是固守住；(c)_是(道心)堅固無比。歷經許多風砂考驗，屹立不搖，謂之""恆""或""全""。無""恆""便容易被險阻吞噬。",,,,,,,,,,,,
109,,,        益，德之裕也，其應追求的是「長裕而不設」，追求利益的重點應是長期的利益，以及心中的寬裕，但不巧用心機、刻意強求。[恆_32(133)-05],,,,,,,,,,,,
110,,,"(12)_當年秦始皇統一六國，雄霸天下，自稱始皇，基業萬世；進而再渡海求長生不死，不都是求""恆""？結果不到15年，一夕瓦解，徒留地宮(兵馬甬)引人感嘆。[恆_32(133)-05]",,,,,,,,,,,,
111,,,(13)_[咸][恆]二卦其於外表文字(形式)上的重大差異：前面探討[咸]卦時，其卦辭、爻辭諸多藉由身體器官之喻，來描述男女情感上的細節；然於[恆]卦中，其卦辭、爻辭除不見,,,,,,,,,,,,
112,,,        任何有關人體器官的描述或引用，亦不見任何關於男女情感細節描述。我們可以一簡單認知，來協助關於此說的理解，便是：「肉身與各種感覺都不可能恆久」。甚至於在[恆],,,,,,,,,,,,
113,,,        卦的卦辭中都不見任何有關男女情感上敘述(參：「卦吉爻凶」)，爻辭也是一樣。再看[咸][恆]二卦的卦中卦，都有[大過]卦象，都會毀滅消亡。所以毛澤東有句名言：「一萬,,,,,,,,,,,,
114,,,        年太久，要爭朝夕」。孔子死後弟子三千分成八派，無人服誰(顏回又落水早死)；回看歷史那一朝代指定接班人，豈見順利長續者？[恆_32(133)-06],,,,,,,,,,,,
115,,,(14)_,,,,,,,,,,,,
