,Unnamed: 0,Unnamed: 1,Unnamed: 2,Unnamed: 3,(劉君祖)易經(六十四卦)筆記,Unnamed: 5,Unnamed: 6,Unnamed: 7,Unnamed: 8,Unnamed: 9,—－,‧ ‧,Unnamed: 12,，；「」、。
0,01_乾,,初九：,九二：,九三：,九四：,九五：,上九：,換言之，,…(另詳本文),元亨利貞,利見大人,不利涉大川,已完成記錄
1,02_坤,,初六：,六二：,六三：,六四：,六五：,上六：,，勿用。,有孚,爻變,●,，無悔。,[咸_31(130)-06]
2,03_屯,序名,,<<繫(下)>>(§-2),,承乘應與,，貞吉。,君子,，凶。,小人勿用,，吉。,，無咎。,象曰：,如
3,04_蒙,,,,,,,,爻變,                   互                        卦,,,,
4,05_需,,—－,上九：肥遯，無不利。,,,,,31_澤山咸,,44_天風姤,,,
5,06_訟,33,—－,九五：嘉遯，貞吉。,,,,,56_火山旅,33_天山遯,(23456),,,
6,07_師,(天山),—－,九四：好遯，君子吉，小人否。,,,,,53_風山漸,(12345),,,,
7,08_比,遯,—－,九三：係遯，有疾，厲。畜臣妾，吉。,,,,,12_天地否,,,01_乾為天,,
8,09_小畜,111100,‧ ‧,六二：執之，用黃牛之革，莫之勝說。,,,,,44_天風姤,,44_天風姤,(3456),,
9,10_履,,‧ ‧,初六：遯尾，厲。勿用，有攸往。,,,,,13_天火同人,53_風山漸,(2345),,,
10,11_泰,,,,,,,,,(1234),,,,
11,12_否,卦辭：遯：亨。小利貞。,,,,,,,,,,,,
12,13_同人,,,,,,,,,,,,,
13,14_大有,彖曰：『遯，亨』，遯而亨也。剛當位而應，與時行也。『小利貞』，浸(近)而長也。遯之時義大矣哉！,,,,,,,,,,,,
14,15_謙,,,,,,,,,,,,,
15,16_豫,象曰：天下有山，遯。君子以遠小人，不惡而嚴。,,,,,,,,,,,,
16,17_隨,,,,,,,,,,,,,
17,18_蠱,,,,,,,,,,,,,
18,19_臨,,,,,,,,,,,,,
19,20_觀,綜論：,1)_老子(道德經)：「盛愛必大廢，多藏必厚亡」。(玩物喪志)(收藏愈豐 敗亡愈重),,,,,,,,,,,
20,21_噬嗑,,2)_孫子：「奪其所愛，則聽???」。,,,,,,,,,,,
21,22_賁,,3)_[遯]與[大壯]均屬「十二消息卦」，陰長陽消或陰消陽長，必然相互對立，所別只在其比例差異，(1:5);(2:4);(3:3)。若其中奧妙能充分參透，識人辨事之能力必然大增。,,,,,,,,,,,
22,23_剝,,4)_[大壯]卦的思維邏輯於孫子兵法中多所引用，過去有名戰史亦多所印證；[大壯]與[遯]相綜，實為一體兩面。人生如戰場，既要精進爭取也要適時隱退，更要退的漂亮；,,,,,,,,,,,
23,24_復,,     而且要使自己沒有任何損失，又不傷害他人，這便是[遯]卦的智慧。(李登輝與宋楚瑜便是時勢已過卻不知[遯]，即便二條亢龍又何能作為，是謂「老賊」；然絕大多數人都是「知進不知退」者),,,,,,,,,,,
24,25_无妄,,     世代交替便是[遯]與[大壯]的重點內函，任何工作領域都須做好縝密交班規劃，尤其在高階經理人更當如此。,,,,,,,,,,,
25,26_大畜,,     然而在[大壯]階段的準接班人，萬不可冒然出頭大腳邁出，否則必動輒得咎；恰如相對時令的(農曆)2-3月，正值陰陽節氣轉換之際，更容易因小恙而致人以不濟。,,,,,,,,,,,
26,27_頤,,     新世代正式接掌實務應在[大壯]循序圓滿之後的[晉]卦，方才是新世代的開始。但是此等顧慮卻與一般人情世故多所違逆，也因此自古以來「世代交替」所生問題便層出不窮。,,,,,,,,,,,
27,28_大過,,5)_公開徵求精準「斷占」案例，以作為新書(多爻變)的參考卦例。(開占不到20年，收集占例約7000多；而對應的卦爻尚不到60%，是以須要多方面蒐集占例),,,,,,,,,,,
28,29_坎,,"   _為此占卦得[需](3)-需於泥，爻變得[節]；變更條件(重占得[井](3,5)，爻變得[師]卦：(能以眾正，可以王矣)，預期回應將源源不絕。",,,,,,,,,,,
29,30_離,,6)_印度佛教也有夏安修的習俗，但是只適用於廣民大眾的大型法會，但個人的精進學習是不受限制的。,,,,,,,,,,,
30,31_咸,,7)_[乾]卦初九：潛龍勿用，是在潛修精進，萬非懈怠不作為；[乾](文言)：遯世無悶，換言之，先作好遯世的心理準備，等亢龍之日到臨，自然不會悔[遯]而戀棧。(∴初九為key),,,,,,,,,,,
31,32_恆,,   _馬英九是巨蟹星座，應為[遯]卦屬性之人，人或清廉，但實不善於作大眾交通。,,,,,,,,,,,
32,33_遯,,8)_[大過]卦_(象)：君子以獨立不懼，遯世無悶。,,,,,,,,,,,
33,34_大壯,,9)_(雷天)[大壯]卦則屬雙魚星座，很衝動。[大壯]卦形似[兌]卦，與[兌]卦有同質性；可謂[大兌]之卦。Xxxx…(少女?)動輒得咎。,,,,,,,,,,,
34,35_晉,,   _[兌]上缺，任何極端的興趣偏好，都可能成為最終致命的陷阱。就外部節氣言，陰曆二月亦屬陰陽騷動的季節，一動不如一靜(33-2)(~7'~)。,,,,,,,,,,,
35,36_明夷,,   _[大壯]節氣(驚蟄春分)，春雷鳴動，動物四尋交配，內心騷然欲動，亦屬自然本能；就卦象言，下面四個陽爻，上面二陰壓制不住，蠢蠢欲動。雖身強體健，然天時未至(即便,,,,,,,,,,,
36,37_家人,,     老臣已遯，也具接班身份)，仍不可冒然逕自作為(33-2_7'~~)。[大壯]雖有基層支持又具法理依靠，然卻因天位及君位均虛，是以不宜妄動。等到(五陽)[夬]卦之際，自可放手作為。(33-2_27'~~),,,,,,,,,,,
37,38_睽,,   _按十二消息卦排序，[大壯]之後就輪到[夬]卦，五陽更強，當家決策自然理所當然。(33-2_26'~~)[大壯]期間何必求一時之快。,,,,,,,,,,,
38,39_蹇,,   _(雷天)[大壯]，老爸隱退幕後(下)，支持長子(震)接班(33-2_14'~~)；但為使接班順利，也都安排輔政大臣…，待少主視事，輔政大臣若不及時漂亮引退，必定死相難看。,,,,,,,,,,,
39,40_解,,   _(劉備雖稱若阿斗扶立不成，可逕自接替，諸葛亮終只能「鞠躬盡瘁…」)(商鞅襄助秦孝公，隨被少主分屍…)(尹尹放逐少主[太甲]…)(周公輔佐成王…)(33-2_14'~~),,,,,,,,,,,
40,41_損,,   _ [大壯]的交卦(天雷)[无妄](33-2_8'~~),,,,,,,,,,,
41,42_益,,   _ [大壯]中(2345)及(12345)皆隱藏[夬]卦，且原 [大壯](65)更成為[夬]卦的上九；而 [大壯](65)本身爻變也成[夬]卦。因此 [大壯]中的(65)成為雙[夬]的關鍵因素，要參透 [大壯]務必先懂[夬]卦。,,,,,,,,,,,
42,43_夬,,"     _[大壯]中有[大壯]，[大壯]中有[夬]，[大壯]中有[乾](1234)；[大壯]中還有[歸妹](3456)(征凶，無攸利)，意指容易衝動，感情用事，此乃[大壯]不宜妄動的重要原因。(33-2_33'29""~~)。",,,,,,,,,,,
43,44_姤,,10)_[泰]卦則是水瓶座，,,,,,,,,,,,
44,45_萃,,11)_[臨]卦形似[震]卦，與[震]卦有同質性；可謂[大震]之卦，是勇於面對之象。,,,,,,,,,,,
45,46_升,,12)_[遯]卦形似[巽]卦，與[巽]卦有同質性；可謂[大巽]之卦，是低調沉潛無形，充分接受天命，所以在決定[遯]之際，一定要用到[巽]的智慧，方才可能悄然離開。,,,,,,,,,,,
46,47_困,,     _不著相，方才真[遯]。(33-1)(73'~),,,,,,,,,,,
47,48_井,,     _[遯]中有[遯](12345)，所以往往不是一次[遯]離可成；有時第一次能夠[遯]成，卻過不了二[遯]。(33-2_16'~~),,,,,,,,,,,
48,49_革,,     _[遯]中有[姤](2345)(23456)，其實暗指離開原來場域，可能反有新的意外「機遇」，故有謂「退一步海闊天空」(33-2_20'~~)。,,,,,,,,,,,
49,50_鼎,,     _[姤]不只隱藏在[遯]卦之內，先前所講[咸]卦也藏有[姤]卦之象，只是被水澤淹蓋不見。[遯]因放下「既有」，反而可能巧遇新機運(好與不好)；而[咸]因慾求不足，乃思其他的新鮮。(33-2_23'~~),,,,,,,,,,,
50,51_震,,     _[遯]中(2345)及(23456)皆隱藏[姤]卦，且原[遯]卦(62)更成為[姤]卦的初六；而[遯](62)爻本身爻變也成[姤]卦。因此[遯]中的(62)成為雙[姤]的關鍵因素，[姤](06)活性特強；惟可能同時帶來,,,,,,,,,,,
51,52_艮,,       毀滅與機運。(33-2_31'30''~~)因此要更精確瞭解[遯]，必然也要一併理解[姤]卦。,,,,,,,,,,,
52,53_漸,,     _[大壯]中有[乾](1234)，似本當如此，容易理解；可是，[遯]中(3456)也有[乾]相，意指外表看似年老氣虛者，依然還有積極作為的雄心壯志，要如何安置妥當，仍須加以研究。,,,,,,,,,,,
53,54_歸妹,,     _[遯]中有[遯]，[遯]中有[姤]，[遯]中有[乾]，[遯]中有[漸](1234)；意指所有的退隱安排，一定要循序漸進，妥慎規劃，交接雙方都需有團隊精神，緊密合作。(33-2_40'~~)。,,,,,,,,,,,
54,55_豐,,     _[遯](94)爻變成為[漸]；而[遯]的1234)也是[漸]；所以，(94)乃是[漸]卦的隱性上爻，其後續之演變，但視其為君子或小人而定。(33-2_35'30''~~),,,,,,,,,,,
55,56_旅,,13)_「六大複卦？」(自名)指：[(雷山)小過，有「大坎」之象]；[(風地)觀，有「大艮」之象；[(地澤)臨，有「大震」之象；[(天山)遯，有「大巽」之象；[(風澤)中孚，有「大離」之象,,,,,,,,,,,
56,57_巽,,"       ；[(雷天)大壯，有「大兌」之象。[乾], [坤]本卦與複卦同，不列。(33-2_18'~~)",,,,,,,,,,,
57,58_兌,,14)_(33-2_27'~~)(風澤)[中孚]則因人位空虛，自然不宜躁進；(風地)[觀]則強調雖天位飽實，但是人地皆虛，是以宜多自省檢視；,,,,,,,,,,,
58,59_渙,,15)_[遯]與 [大壯]又都隱藏有[乾]卦之象，意指精氣飽滿、勇往精進、自強不息。,,,,,,,,,,,
59,60_節,,,,,,,,,,,,,
60,61_中孚,,,,,,,,,,,,,
61,62_小過,,,,,,,,,,,,,
62,63_既濟,,,,,,,,,,,,,
63,64_未濟,,,,,,,,,,,,,
64,,,,,,,,,,,,,,
65,,,,,,,,,,,,,,
66,,,,,,,,,,,,,,
67,,,,,,,，；、「」。,,[遯],,,,,
68,,,,,,,(33-2_14'~~),,參易經(重要通案義理),,,,,
69,,,,,,,下次開始(33-3_33'00'),,,,,,,
