,Unnamed: 0,Unnamed: 1,Unnamed: 2
0,10-0814,[遯](33-3_29'~~),唐飛；功不「唐」捐；荒「唐」
1,10-0814,[遯](33-3_32'~~),李白雖原有意仕途，因個性狂傲，不適
2,,[咸_31(129)-01],"歐洲,大陸積極鑽研中國古代經典風潮"
3,,[咸_31(129)-02~03],"世界杯足賽,章魚預測神準…vs 易經…"
4,,[咸_31(129)-04-05],生活中「一夕變卦」的例子_[咸]→[恆]
5,,[恆_32(133)-01],"從[咸],[恆]開始之「人間事」析理透徹細緻…"
6,,[謙d_15(068)-01],企業經營六爻功能性質
7,,,
8,,,
9,,,
10,,,
11,,,
12,,,
13,,,
14,,,
15,,,
16,,Q:主爻為(94)，但是(95)君位卻是最重要；二者意義何所指???  [咸_31(131)-04],
17,,Q:從[咸][恆]相綜一體的原則來看；[恆](65):婦人吉，夫子凶；所對應[咸](95)的咸其脢，則係指帝王的房中術??? [咸_31(131)-05],
