,Unnamed: 0,Unnamed: 1,●,Unnamed: 3,Unnamed: 4,Unnamed: 5,重要通案易理,Unnamed: 7
0,解說日期,相關課程,基本易理,,,,問題,"名詞,字義"
1,2010.06.19.,[離](30-4)_(67'~),,,,,占卦過程，如何確定多爻變？,
2,2010.08.14.,[遯]_(33-2_18'~),,,,,"「六(大爻)卦」：小過, 觀, 臨, 遯, 中孚,大壯",
3,2010.08.14.,[遯]_(33-2_72'~),,,,,易經「十二時卦」???,
4,,[咸_31(129)-03],,,,,"(元亨利貞)四德具全之卦, 有七。",
5,,[咸_31(129)-03],,,,,直接觸及感通能量_[咸]_者有四：,
6,,[咸_31(129)-04],,,,,,嘉; 亨; 喜
7,,[咸_31(129)-04],,,,,"爻變有小過卦象時,應指在輸贏邊緣…",
8,,[咸_31(129)-08],,,,,「時間的本質便是不變的[剝]」,
9,,[咸_31(130)-03],,,,,"凡感情重的卦辭皆好,但爻辭都不好「卦吉爻凶」(同下)",
10,,[咸_31(130)-03],,,,,如何解析(卦)(爻)? 二者關係如何?(同上),
11,,[咸_31(130)-04],,,,,<<序卦傳>>何以不對[咸]卦提出說明?,
12,,[咸_31(130)-05],,,,,"孫悟空何不帶唐僧取經?論「咸,恒」..",
13,,[咸_31(130)-06],,,,,[繫](下)-7_憂患九卦：恒，德之固也。..,
14,,[咸_31(130)-06]??,,,,,老子：「道生一，一生二，二生三，三生萬物」，其一何所指?,
15,,[咸_31(130)-07],,,,,中華文化主張「天下和平」的論述,
16,,[咸_31(131)-01],,,,,觀其所感，而天地萬物之情可見矣,
17,,,,,,,君子以…….,
18,,[咸_31(131)-03],,,,,"易經中從肉身取象(感應)感應的唯二兩卦[咸],[艮]",
19,,[咸_31(130)-03],,,,,<<易經>>的結論也就是：「變動以利言，吉凶以情遷。...」,
20,,[咸_31(131)-03],,,,,具備女性之特質之卦：[咸]、[觀]、[家人]、[漸]。,
21,,[咸_31(131)-08],,,,,[咸](16)爻辭未言吉凶，概因人事之別，視狀況而定。,
22,,[咸_31(132)-04],,,,,「無悔」與「悔亡」_<<易經>>解經的通例用辭。,
23,,[咸_31(132)-06],,,,,<<易經>>相關論述不可思議(周延完備)的地方,
24,,[恆_32(133)-02],,,,,何以<<雜>>與<<繫>>乃將[夬]重新排序變成最後一卦？,
25,,[恆_32(133)-02],,,,,[上經前十卦]與[下經前十卦]的結構性對照及「天人呼應」的關係  同下,
26,,[恆_32(133)-02],,,,,(中華文化所謂 「天人相應」或「天人合一」的深層內涵)  同上,
27,,[恆_32(133)-03],,,,,[咸]卦於<<易經>>六十四卦普遍而深入的影響關係,
28,,[恆_32(134)-01],,,,,何謂「八純卦」？,
29,,[恆_32(134)-01],,,,,<<易經>>所引導我們追求的重點，非在吉凶，而在於「無咎」所指為何？,
30,,[恆_32(134)-02],,,,,<<易經>>中那二卦既是六爻全變的錯卦，卻又有相互為用的情形??,
31,,[謙d_15(066)-05],,,,,更深層次的卦爻含義：(1)_我們可以將64卦中單一陽陰爻來對照[乾卦][坤卦]…,
32,,[謙d_15(067)-05],,,,,"不言之象：[謙]卦六爻全""謙""，獨六五無謙；[師]上六,[需]與[同人]三四爻不言卦名；",
33,,[謙d_15(068)-02],,,,,矯枉過正，走火入魔  (如[復]六爻「迷復」的走火入魔),
34,,[易d_(067)-04]-46’50”,●,,,,＜繫＞(下-10)；＜說卦傳＞(2)；「卦爻的組成與基本推理之邏輯與模式」,
35,,,,,,李漢章老師,易經中的「命」有下列數處，皆為命令之意,
36,,,,,,,"既相錯又相綜的卦組：(泰/否), (隨/蠱), ",
