,Unnamed: 0,Unnamed: 1,Unnamed: 2,初爻變,二爻變,三爻變,四爻變,五爻變,上爻變,1234,2345,3456,12345,23456
0,01_乾,111111.0,乾為天,44_天風姤,13_天火同人,10_天澤履,09_風天小畜,10_火天大有11_,43_澤天夬,01_乾為天,01_乾為天,01_乾為天,01_乾為天,01_乾為天
1,02_坤,0.0,坤為地,24_地雷復,07_地水師,15_地山謙,16_雷地豫,08_水地比,23_山地剝,02_坤為地,02_坤為地,02_坤為地,02_坤為地,02_坤為地
2,03_屯,10001.0,水雷屯,08_水地比,60_水澤節,63_水火既濟,17_澤雷隨,24_地雷復,42_風雷益,03_水雷屯,23_山地剝,08_水地比,27_山雷頤,08_水地比
3,04_蒙,100010.0,山水蒙,41_山澤損,23_山地剝,18_山風蠱,64_火水未濟,59_風水渙,07_地水師,40_雷水解,24_地雷復,23_山地剝,07_地水師,27_山雷頤
4,05_需,10111.0,水天需,48_水風井,63_水火既濟,60_水澤節,43_澤天夬,11_地天泰,09_風天小畜,43_澤天夬,39_火澤睽,63_水火既濟,35_火地晉,60_水澤節
5,06_訟,111010.0,天水訟,10_天澤履,13_天地否,44_天風姤,59_風水渙,64_火水未濟,47_澤水困,64_火水未濟,37_風火家人,44_天風姤,59_風水渙,13_天火同人
6,07_師,10.0,地水師,19_地澤臨,02_坤為地,46_地風升,40_雷水解,29_坎為水,04_山水蒙,40_雷水解,24_地雷復,02_坤為地,07_地水師,24_地雷復
7,08_比,10000.0,水地比,03_水雷屯,29_坎為水,39_水山蹇,45_澤地萃,02_坤為地,20_風地觀,02_坤為地,23_山地剝,39_水山蹇,23_山地剝,39_水山蹇
8,09_小畜,110111.0,風天小畜,57_巽為風,37_風火家人,61_風澤中孚,01_乾為天,26_山天大畜,39_水山蹇,43_澤天夬,38_火澤睽,37_風火家人,14_火天大有,61_風澤中孚
9,10_履,111011.0,天澤履,06_天水訟,25_天雷无妄,01_乾為天,61_風澤中孚,38_火澤睽,58_兌為澤,38_火澤睽,37_風火家人,44_天風姤,61_風澤中孚,13_天火同人
10,11_泰,111.0,地天泰,46_地風升,36_地火明夷,19_地澤臨,34_雷天大壯,05_水天需,26_山天大畜,43_澤天夬,54_雷澤歸妹,24_地雷復,34_雷天大壯,46_地風升
11,12_否,111000.0,天地否,25_天雷无妄,06_天水訟,33_天山遯,20_風地觀,35_火地晉,45_澤地萃,23_山地剝,53_風山漸,44_天風姤,20_風地觀,33_天山遯
12,13_同人,111101.0,天火同人,33_天山遯,01_乾為天,25_天雷无妄,37_風火家人,30_離為火,49_澤火革,37_風火家人,44_天風姤,01_乾為天,13_天火同人,44_天風姤
13,14_大有,101111.0,火天大有,50_火風鼎,30_離為火,38_火澤睽,26_山天大畜,01_乾為天,34_雷天大壯,01_乾為天,43_澤天夬,38_火澤睽,43_澤天夬,14_火天大有
14,15_謙,100.0,地山謙,36_地火明夷,46_地風升,02_坤為地,62_雷山小過,39_水山蹇,52_艮為山,39_水山蹇,40_雷水解,24_地雷復,62_雷山小過,07_地水師
15,16_豫,1000.0,雷地豫,51_震為雷,40_雷水解,62_雷山小過,02_坤為地,45_澤地萃,35_火地晉,23_山地剝,39_水山蹇,40_雷水解,08_水地比,62_雷山小過
16,17_隨,11001.0,澤雷隨,45_澤地萃,58_兌為澤,49_澤火革,03_水雷屯,51_震為雷,25_天雷无妄,27_山雷頤,53_風山漸,28_澤風大過,42_風雷益,31_澤山咸
17,18_蠱,100110.0,山風蠱,26_山天大畜,52_艮為山,04_山水蒙,50_火風鼎,57_巽為風,46_地風升,28_澤風大過,54_雷澤歸妹,27_山雷頤,32_雷風恆,41_山澤損
18,19_臨,11.0,地澤臨,07_地水師,24_地雷復,11_地天泰,54_雷澤歸妹,60_水澤節,41_山澤損,54_雷澤歸妹24_地雷復,,02_坤為地,19_地澤臨,24_地雷復
19,20_觀,110000.0,風地觀,42_風雷益,59_風水渙,53_風山漸,12_天地否,35_火地晉,08_水地比,02_坤為地,23_山地剝,53_風山漸,23_山地剝,20_風地觀
20,21_噬嗑,101001.0,火雷噬嗑,35_火地晉,38_火澤睽,30_離為火,27_山雷頤,25_天雷无妄,51_震為雷,27_山雷頤,39_水山蹇,64_火水未濟,03_水雷屯,56_火山旅
21,22_賁,100101.0,山火賁,52_艮為山,26_山天大畜,27_山雷頤,30_離為火,37_風火家人,36_地火明夷,63_水火既濟,40_雷水解,27_山雷頤,55_雷火豐,04_山水蒙
22,23_剝,100000.0,山地剝,27_山雷頤,04_山水蒙,52_艮為山,35_火地晉,20_風地觀,02_坤為地,02_坤為地,02_坤為地,23_山地剝,02_坤為地,23_山地剝
23,24_復,1.0,地雷復,02_坤為地,19_地澤臨,36_地火明夷,51_震為雷,03_水雷屯,27_山雷頤,27_山雷頤,02_坤為地,02_坤為地,24_地雷復,02_坤為地
24,25_无妄,111001.0,天雷无妄,12_天地否,10_天澤履,13_天火同人,42_風雷益,21_火雷噬嗑,17_澤雷隨,27_山雷頤,53_風山漸,44_天風姤,42_風雷益,33_天山遯
25,26_大畜,100111.0,山天大畜,18_山風蠱,22_山火賁,41_山澤損,14_火天大有,09_風天小畜,11_地天泰,43_澤天夬,54_雷澤歸妹,27_山雷頤,34_雷天大壯,18_山風蠱
26,27_頤,100001.0,山雷頤,23_山地剝,41_山澤損,22_山火賁,21_火雷噬嗑,42_風雷益,24_地雷復,24_地雷復,02_坤為地,23_山地剝,24_地雷復,23_山地剝
27,28_大過,11110.0,澤風大過,43_澤天夬,31_澤山咸,47_澤水困,48_水風井,32_雷風恆,44_天風姤,44_天風姤,01_乾為天,43_澤天夬,44_天風姤,43_澤天夬
28,29_坎,10010.0,坎為水,60_水澤節,08_水地比,48_水風井,47_澤水困,07_地水師,59_風水渙,40_雷水解,27_山雷頤,39_水山蹇,04_山水蒙,03_水雷屯
29,30_離,101101.0,離為火,56_火山旅,14_火天大有,21_火雷噬嗑,22_山火賁,13_天火同人,55_雷火豐,37_風火家人,28_澤風大過,38_火澤睽,49_澤火革,50_火風鼎
30,31_咸,11100.0,澤山咸,49_澤火革,28_澤風大過,45_澤地萃,39_水山蹇,62_雷山小過,33_天山遯,53_風山漸,44_天風姤,43_澤天夬,33_天山遯,28_澤風大過
31,32_恆,1110.0,雷風恆,34_雷天大壯,62_雷山小過,40_雷水解,46_地風升,28_澤風大過,50_火風鼎,44_天風姤,43_澤天夬,54_雷澤歸妹,28_澤風大過,45_澤地萃
32,33_遯,111100.0,天山遯,13_天火同人,44_天風姤,12_天地否,53_風山漸,56_火山旅,31_澤山咸,53_風山漸,44_天風姤,01_乾為天,33_天山遯,44_天風姤
33,34_大壯,1111.0,雷天大壯,32_雷風恆,55_雷火豐,54_雷澤歸妹,11_地天泰,43_澤天夬,14_火天大有,01_乾為天,43_澤天夬,54_雷澤歸妹,43_澤天夬,34_雷天大壯
34,35_晉,101000.0,火地晉,21_火雷噬嗑,64_火水未濟,14_火天大有,23_山地剝,12_天地否,16_雷地豫,23_山地剝,39_水山蹇,64_火水未濟,08_水地比,56_火山旅
35,36_明夷,101.0,地火明夷,15_地山謙,11_地天泰,24_地雷復,55_雷火豐,63_水火既濟,22_山火賁,63_水火既濟,40_雷水解,24_地雷復,55_雷火豐,07_地水師
36,37_家人,110101.0,風火家人,53_風山漸,42_風雷益,09_風天小畜,13_天火同人,22_山火賁,63_水火既濟,63_水火既濟,64_火水未濟,37_風火家人,30_離為火,59_風水渙
37,38_睽,101011.0,火澤睽,64_火水未濟,21_火雷噬嗑,14_火天大有,41_山澤損,44_天風姤,54_雷澤歸妹,38_火澤睽,63_水火既濟,64_火水未濟,60_水澤節,30_離為火
38,39_蹇,10100.0,水山蹇,63_水火既濟,48_水風井,08_水地比,53_風山漸,15_地山謙,53_風山漸,39_水山蹇,64_火水未濟63_水火既濟,,56_火山旅,30_離為火
39,40_解,1010.0,雷水解,32_雷風恆,40_雷水解,32_雷風恆,07_地水師,59_風水渙,64_火水未濟,64_火水未濟,63_水火既濟,40_雷水解,29_坎為水,55_雷火豐
40,41_損,100011.0,山澤損,04_山水蒙,27_山雷頤,26_山天大畜,38_火澤睽,61_風澤中孚,19_地澤臨,54_雷澤歸妹,24_地雷復,23_山地剝,19_地澤臨,27_山雷頤
41,42_益,110001.0,風雷益,20_風地觀,61_風澤中孚,37_風火家人,25_天雷无妄,27_山雷頤,03_水雷屯,24_地雷復,23_山地剝,53_風山漸,27_山雷頤,20_風地觀
42,43_夬,11111.0,澤天夬,28_澤風大過,49_澤火革,58_兌為澤,05_水天需,34_雷天大壯,01_乾為天,01_乾為天,01_乾為天,43_澤天夬,01_乾為天,43_澤天夬
43,44_姤,111110.0,天風姤,01_乾為天,33_天山遯,06_天水訟,57_巽為風,50_火風鼎,28_澤風大過,44_天風姤,01_乾為天,01_乾為天,44_天風姤,01_乾為天
44,45_萃,11000.0,澤地萃,17_澤雷隨,47_澤水困,31_澤山咸,08_水地比,16_雷地豫,12_天地否,23_山地剝,53_風山漸,28_澤風大過,20_風地觀,53_風山漸
45,46_升,110.0,地風升,11_地天泰,15_地山謙,07_地水師,32_雷風恆,48_水風井,18_山風蠱,28_澤風大過,54_雷澤歸妹,24_地雷復,32_雷風恆,19_地澤臨
46,47_困,11010.0,澤水困,58_兌為澤,45_澤地萃,28_澤風大過,29_坎為水,40_雷水解,06_天水訟,64_火水未濟,37_風火家人,28_澤風大過,59_風水渙,49_澤火革
47,48_井,10110.0,水風井,08_水地比,9_水山蹇,29_坎為水,28_澤風大過,46_地風升,57_巽為風,28_澤風大過,38_火澤睽,60_水澤節,50_火風鼎,60_水澤節
48,49_革,11101.0,澤火革,31_澤山咸,43_澤天夬,17_澤雷隨,63_水火既濟,55_雷火豐,13_天火同人,37_風火家人,44_天風姤,43_澤天夬,13_天火同人,28_澤風大過
49,50_鼎,101110.0,火風鼎,14_火天大有,56_火山旅,64_火水未濟,18_山風蠱,44_天風姤,32_雷風恆,44_天風姤,43_澤天夬,38_火澤睽,28_澤風大過,14_火天大有
50,51_震,1001.0,震為雷,16_雷地豫,54_雷澤歸妹,55_雷火豐,24_地雷復,17_澤雷隨,21_火雷噬嗑,27_山雷頤,56_火山旅,40_雷水解,03_水雷屯,62_雷山小過
51,52_艮,100100.0,艮為山,22_山火賁,18_山風蠱,23_山地剝,56_火山旅,53_風山漸,15_地山謙,39_水山蹇,40_雷水解,27_山雷頤,62_雷山小過,04_山水蒙
52,53_漸,110100.0,風山漸,37_風火家人,57_巽為風,20_風地觀,33_天山遯,52_艮為山,39_水山蹇,39_水山蹇,64_火水未濟,59_風水渙,56_火山旅,59_風水渙
53,54_歸妹,1011.0,雷澤歸妹,40_雷水解,51_震為雷,34_雷天大壯,19_地澤臨,58_兌為澤,38_火澤睽,38_火澤睽,63_水火既濟,40_雷水解,60_水澤節,55_雷火豐
54,55_豐,1101.0,雷火豐,62_雷山小過,34_雷天大壯,51_震為雷,36_地火明夷,37_風火家人,30_離為火,37_風火家人,28_澤風大過,32_雷風恆,37_風火家人,32_雷風恆
55,56_旅,101100.0,火山旅,30_離為火,50_火風鼎,35_火地晉,52_艮為山,33_天山遯,62_雷山小過,53_風山漸,28_澤風大過,38_火澤睽,31_澤山咸,50_火風鼎
56,57_巽,110110.0,巽為風,09_風天小畜,53_風山漸,59_風水渙,43_澤天夬,18_山風蠱,48_水風井,28_澤風大過,38_火澤睽,37_風火家人,50_火風鼎,61_風澤中孚
57,58_兌,11011.0,兌為澤,47_澤水困,17_澤雷隨,43_澤天夬,60_水澤節,54_雷澤歸妹,10_天澤履,38_火澤睽,37_風火家人,28_澤風大過,61_風澤中孚,49_澤火革
58,59_渙,110010.0,風水渙,61_風澤中孚,20_風地觀,57_巽為風,06_天水訟,04_山水蒙,29_坎為水,40_雷水解,27_山雷頤,53_風山漸,04_山水蒙,42_風雷益
59,60_節,10011.0,水澤節,29_坎為水,03_水雷屯,08_水地比,61_風澤中孚,19_地澤臨,61_風澤中孚,54_雷澤歸妹,27_山雷頤,39_水山蹇,41_山澤損,03_水雷屯
60,61_中孚,110011.0,風澤中孚,59_風水渙,42_風雷益,09_風天小畜,10_天澤履,41_山澤損,60_水澤節,54_雷澤歸妹,27_山雷頤,53_風山漸,41_山澤損,42_風雷益
61,62_小過,1100.0,雷山小過,55_雷火豐,32_雷風恆,16_雷地豫,15_地山謙,53_風山漸,56_火山旅,53_風山漸,28_澤風大過,54_雷澤歸妹,31_澤山咸,32_雷風恆
62,63_既濟,10101.0,水火既濟,39_水山蹇,05_水天需,03_水雷屯,49_澤火革,36_地火明夷,37_風火家人,63_水火既濟,64_火水未濟,63_水火既濟,30_離為火,29_坎為水
63,64_未濟,101010.0,火水未濟,38_火澤睽,35_火地晉,50_火風鼎,04_山水蒙,06_天水訟,40_雷水解,64_火水未濟,63_水火既濟,64_火水未濟,29_坎為水,30_離為火
64,,,,,,,,,,,,,,
65,,,,,,,,,,,,,,
66,,,,,01_乾為天,02_坤為地,03_水雷屯,04_山水蒙,05_水天需,06_天水訟,07_地水師,08_水地比,,
67,,,,,09_風天小畜,10_天澤履,11_地天泰,12_天地否,13_天火同人,14_火天大有,15_地山謙,16_雷地豫,,
68,,,,,17_澤雷隨,18_山風蠱,19_地澤臨,20_風地觀,21_火雷噬嗑,22_山火賁,23_山地剝,24_地雷復,,
69,,,,,25_天雷无妄,26_山天大畜,27_山雷頤,28_澤風大過,29_坎為水,30_離為火,31_澤山咸,32_雷風恆,,
70,,,,,33_天山遯,34_雷天大壯,35_火地晉,36_地火明夷,37_風火家人,38_火澤睽,39_水山蹇,40_雷水解,,
71,,,,,41_山澤損,42_風雷益,43_澤天夬,44_天風姤,45_澤地萃,46_地風升,47_澤水困,48_水風井,,
72,,,,,49_澤火革,50_火風鼎,51_震為雷,52_艮為山,53_風山漸,54_雷澤歸妹,55_雷火豐,56_火山旅,,
73,,,,,57_巽為風,58_兌為澤,59_風水渙,60_水澤節,61_風澤中孚,62_雷山小過,63_水火既濟,64_火水未濟,,
74,,,,,,,,,,,,,,
75,,,,,,,,,,,,,,
76,,,,,01_乾為天,02_坤為地,51_震為雷,52_艮為山,30_離為火,29_坎為水,58_兌為澤,57_巽為風,,
77,,,,,06_天水訟,07_地水師,16_雷地豫,04_山水蒙,14_火天大有,03_水雷屯,17_澤雷隨,09_風天小畜,,
78,,,,,10_天澤履,11_地天泰,32_雷風恆,18_山風蠱,21_火雷噬嗑,05_水天需,28_澤風大過,20_風地觀,,
79,,,,,12_天地否,15_地山謙,34_雷天大壯,22_山火賁,35_火地晉,08_水地比,31_澤山咸,37_風火家人,,
80,,,,,13_天火同人,19_地澤臨,40_雷水解,23_山地剝,38_火澤睽,39_水山蹇,43_澤天夬,42_風雷益,,
81,,,,,25_天雷无妄,24_地雷復,54_雷澤歸妹,26_山天大畜,50_火風鼎,48_水風井,45_澤地萃,53_風山漸,,
82,,,,,33_天山遯,36_地火明夷,55_雷火豐,27_山雷頤,56_火山旅,60_水澤節,47_澤水困,59_風水渙,,
83,,,,,44_天風姤,46_地風升,62_雷山小過,41_山澤損,64_火水未濟,63_水火既濟,49_澤火革,61_風澤中孚,,
