,Unnamed: 0,Unnamed: 1,Unnamed: 2,Unnamed: 3,Unnamed: 4,Unnamed: 5,Unnamed: 6
0,占卦日期,相  關  課  程,問                        題,卦序,卦    象,移  變  爻  位,卦   象   解   析
1,2010.07.xx.,"[咸](31-1)_(27'30""~)","2010世界杯足賽,德國得冠卦象",,24_地雷復,"(63)頻復,厲,無咎。","雖具創造力,頻錯,不穩…"
2,,同      上,"2010世界杯足賽,西班牙得冠卦象",,30_離為火,"(91)履錯然,敬之,無咎。",
3,,,同      上,,同      上,"(96)王用出征,有嘉折首,獲匪其中首,無咎。","(96)爻變為[豐],(91)(96)爻變為[小過]"
4,,同      上,"2010世界杯足賽,荷蘭得冠卦象",,06_天水訟,"(95)訟,元吉。",(95)爻變為[未濟]
5,,同      上,"2010世界杯足賽,烏拉圭得冠卦象",,60_水澤節,"(95)甘節,吉,往有尚。","雖據君位,但須由(92)完成"
6,,同      上,同      上,,同      上,"(92)不出門庭,凶。","不出門庭?,錯過時機,不濟"
7,2010.07.xx.,"[咸](31-1)_(27'30""~)",章魚(阿寶)的神算預測能力…?,,01_乾為天,(93)(94)(95)(96)四爻齊變[臨](95),"[乾],[臨]均四德俱全之卦"
8,,[遯](33-1)_(36')~,為<<易經>>(新書)徵占卦案例,,05_水天需,"(63)需於泥,致寇至",(未先規範)會自陷泥淖…
9,,[遯](33-1)_(36')~,為<<易經>>(新書)徵占卦案例,,48_水風井,(93)~可用汲~ (95)井冽~,(作好篩選)源源不絕…
10,,,,,,,
11,,,,,,,
12,,[咸_31(129)-02~04],"2010世界杯足賽,章魚預測神準，可信??",1,乾,"3,4,5,6","四爻齊變為[臨];而乾,臨均為四德具全之象…故可信"
13,,[咸_31(129)-02~04],"2010世界杯足賽,德國隊(呼聲最高)可得冠?",24,復,"63,","具「天地之心」, 但點在63,不穩,63爻變[明夷],不可能"
14,,[咸_31(129)-02~04],"2010世界杯足賽,烏拉圭隊可得冠?",60,節,"95,","甘節之吉,有機會,但95之前須經92(不出門庭,凶), 無望"
15,,[咸_31(129)-02~04],"2010世界杯足賽,西班牙隊可得冠?",30,離,"91,96","(96)_王用出征,有嘉折首,終禽賊禽王…爻變[小過]險贏"
16,,[咸_31(129)-02~04],"2010世界杯足賽,荷蘭隊可得冠?",6,訟,"95,","事涉法官裁決糾紛,遇爭議球並獲有利判決...終難如願"
17,,[咸_31(131)-03],大陸簡體字最終是否回歸繁體字?,32,(風地)觀,"95(觀我生),96(觀其生)",<象>：風行地上；有生之年至少可以簡繁並存。
18,,[咸_31(132)-04],釋迦牟尼的修行境界為何?,31,咸,"16,94,95","得[咸](1,4,5)。1,4爻變得[既濟]，(1,4,5)爻變得[明夷]"
19,,[咸_31(132)-08],劉老師親身經歷的玄妙(神通)經驗。(壽命...),,,,
