,Unnamed: 0,Unnamed: 1,Unnamed: 2,Unnamed: 3,Unnamed: 4,Unnamed: 5,Unnamed: 6
0,占卦日期,相  關  課  程,問                        題,卦序,卦    象,關  鍵  爻  位,卦   象   解   析
1,2003,[離](30-3)_(51'~),美國未來十年國運？,,,,
2,2003,[離](30-3)_(53'~),劉君祖自算未來20年之運？,,,,
3,2000,[離](30-4)_(5'~),政黨輪替之初占台灣政局,,,,
4,,[離](30-4)_(25'~),BanQ併購西門子賠3-500億,,,,
5,2008,[離](30-4)_(54'~),2008國民黨運勢,,,,
6,2010.06.19.,[離](30-4)_(70'~),2012馬英九的大選預測,,,,
7,2010.06.19.,[離](30-4)_(70'~),2012蘇起辭官後的運勢預測,,,,
8,,[恆_32(133)-02],傳聞(2012)世界末日之說...(老師自占運勢),,,,
9,,[咸_31(132)-07],2010 起未來一年台灣經濟發展情勢？,,屯,1,
10,,[咸_31(132)-07],未來10年台北房價的趨勢？(打房有效嗎),,同人,5,無效
11,,[恆_32(133)-01],近年多有傳聞(2012)世界末日之說…,,,,詳_[恆_32(133)-01]_綜論：(1)
