,Unnamed: 0,12-0617_(賀先知)易經(六十四卦)筆記.xls 的相容性報表,Unnamed: 2,Unnamed: 3,Unnamed: 4
0,,執行於 2012/6/17 11:24,,,
1,,,,,
2,,舊版 Excel 不支援這個活頁簿中的下列功能。當您以舊版檔案格式儲存此活頁簿時，這些功能將會遺失或降級。,,,
3,,,,,
4,,稍微影響逼真度,,,發生的次數
5,,,,,
6,,此活頁簿中的部分儲存格或樣式包含所選檔案格式不支援的格式。這些格式將會轉換為最接近的可用格式。,,,13
